[2026-05-22 16:30:07 WIB] [INFO] Memulai survei item [1/?]: "Alas Triplek"
[2026-05-22 16:30:07 WIB] [QUERY] Daftar kata kunci yang dicoba: ["Alas Triplek","alas triplek","alas","triplek"]
[2026-05-22 16:30:07 WIB] [INFO] Mencoba query #1: "Alas Triplek"
[2026-05-22 16:30:14 WIB] [INFO] Ditemukan 7 kandidat e-Katalog untuk query "Alas Triplek"
[2026-05-22 16:30:14 WIB] [RESULT] Kandidat terbaik terpilih: "Papan Alas Ujian Bahan Triplek" (Rp 15.800) dari vendor RAJA MANDIRI dengan skor 0.678
[2026-05-22 16:30:23 WIB] [INFO] Memulai survei item [2/?]: "Ballpoint / Ballpen / Pena (Spesifikasi: Ballpoint Baliner)"
[2026-05-22 16:30:23 WIB] [QUERY] Daftar kata kunci yang dicoba: ["Ballpoint / Ballpen / Pena (Spesifikasi: Ballpoint Baliner)","ballpoint baliner","pulpen baliner","pen baliner","ballpen ballpoint baliner","ballpen pulpen baliner","ballpen pen baliner","ballpulpen ballpoint baliner","ballballpoint ballpoint baliner","pena ballpoint baliner","pena pulpen baliner","pena pen baliner","pulpena ballpoint baliner","ballpointa ballpoint baliner","ballpoint","pulpen","pen","ballpen","ballpulpen","ballballpoint","pena","pulpena","ballpointa","ballpoint ballpoint","pulpen ballpoint","pen ballpoint"]
[2026-05-22 16:30:23 WIB] [INFO] Mencoba query #1: "Ballpoint / Ballpen / Pena (Spesifikasi: Ballpoint Baliner)"
[2026-05-22 16:30:38 WIB] [ERROR] Query "Ballpoint / Ballpen / Pena (Spesifikasi: Ballpoint Baliner)" nihil hasil (TIDAK DITEMUKAN).
[2026-05-22 16:30:38 WIB] [INFO] Mencoba query #2: "ballpoint baliner"
[2026-05-22 16:30:38 WIB] [INFO] Memulai survei item [1/?]: "Alas Triplek"
[2026-05-22 16:30:38 WIB] [QUERY] Daftar kata kunci yang dicoba: ["Alas Triplek","alas triplek","alas","triplek"]
[2026-05-22 16:30:38 WIB] [INFO] Mencoba query #1: "Alas Triplek"
[2026-05-22 16:30:50 WIB] [ERROR] Query "Alas Triplek" nihil hasil (TIDAK DITEMUKAN).
[2026-05-22 16:30:50 WIB] [INFO] Mencoba query #2: "alas triplek"
[2026-05-22 16:30:57 WIB] [ERROR] Query "ballpoint baliner" nihil hasil (TIDAK DITEMUKAN).
[2026-05-22 16:30:57 WIB] [INFO] Mencoba query #3: "pulpen baliner"
[2026-05-22 16:31:04 WIB] [INFO] Ditemukan 7 kandidat e-Katalog untuk query "alas triplek"
[2026-05-22 16:31:04 WIB] [RESULT] Kandidat terbaik terpilih: "Papan Alas Ujian Bahan Triplek" (Rp 15.800) dari vendor RAJA MANDIRI dengan skor 0.678
[2026-05-22 16:31:05 WIB] [INFO] Ditemukan 15 kandidat e-Katalog untuk query "pulpen baliner"
[2026-05-22 16:31:05 WIB] [RESULT] Kandidat terbaik terpilih: "Pulpen Baliner" (Rp 325.896) dari vendor DAMAR JAYA MANDIRI dengan skor 0.437
[2026-05-22 16:31:09 WIB] [INFO] Memulai survei item [2/?]: "Ballpoint / Ballpen / Pena (Spesifikasi: Ballpoint Baliner)"
[2026-05-22 16:31:09 WIB] [QUERY] Daftar kata kunci yang dicoba: ["Ballpoint / Ballpen / Pena (Spesifikasi: Ballpoint Baliner)","ballpoint baliner","pulpen baliner","pen baliner","ballpen ballpoint baliner","ballpen pulpen baliner","ballpen pen baliner","ballpulpen ballpoint baliner","ballballpoint ballpoint baliner","pena ballpoint baliner","pena pulpen baliner","pena pen baliner","pulpena ballpoint baliner","ballpointa ballpoint baliner","ballpoint","pulpen","pen","ballpen","ballpulpen","ballballpoint","pena","pulpena","ballpointa","ballpoint ballpoint","pulpen ballpoint","pen ballpoint"]
[2026-05-22 16:31:09 WIB] [INFO] Mencoba query #1: "Ballpoint / Ballpen / Pena (Spesifikasi: Ballpoint Baliner)"
[2026-05-22 16:31:11 WIB] [INFO] Memulai survei item [3/?]: "Ballpoint / Ballpen / Pena (Spesifikasi: Biasa, R6 Isi 12 Buah)"
[2026-05-22 16:31:11 WIB] [QUERY] Daftar kata kunci yang dicoba: ["Ballpoint / Ballpen / Pena (Spesifikasi: Biasa, R6 Isi 12 Buah)","biasa r6 isi 12","ballpoint biasa r6 isi 12","pulpen biasa r6 isi 12","pen biasa r6 isi 12","ballpen biasa r6 isi 12","ballpulpen biasa r6 isi 12","ballballpoint biasa r6 isi 12","pena biasa r6 isi 12","pulpena biasa r6 isi 12","ballpointa biasa r6 isi 12","ballpoint","pulpen","pen","ballpen","ballpulpen","ballballpoint","pena","pulpena","ballpointa","ballpoint ballpoint","pulpen ballpoint","pen ballpoint"]
[2026-05-22 16:31:11 WIB] [INFO] Mencoba query #1: "Ballpoint / Ballpen / Pena (Spesifikasi: Biasa, R6 Isi 12 Buah)"
[2026-05-22 16:31:17 WIB] [ERROR] Query "Ballpoint / Ballpen / Pena (Spesifikasi: Biasa, R6 Isi 12 Buah)" nihil hasil (TIDAK DITEMUKAN).
[2026-05-22 16:31:17 WIB] [INFO] Mencoba query #2: "biasa r6 isi 12"
[2026-05-22 16:31:21 WIB] [ERROR] Query "Ballpoint / Ballpen / Pena (Spesifikasi: Ballpoint Baliner)" nihil hasil (TIDAK DITEMUKAN).
[2026-05-22 16:31:21 WIB] [INFO] Mencoba query #2: "ballpoint baliner"
[2026-05-22 16:31:28 WIB] [INFO] Ditemukan 1 kandidat e-Katalog untuk query "biasa r6 isi 12"
[2026-05-22 16:31:28 WIB] [RESULT] Kandidat terbaik terpilih: "STANDARD Ballpoint Biasa R6 isi 12 buah" (Rp 59.385) dari vendor BAHALWAN INSPIRE dengan skor 0.505
[2026-05-22 16:31:30 WIB] [INFO] Ditemukan 15 kandidat e-Katalog untuk query "ballpoint baliner"
[2026-05-22 16:31:30 WIB] [RESULT] Kandidat terbaik terpilih: "Ballpoint Baliner" (Rp 299.700) dari vendor OLIVIA HUSEIN dengan skor 0.541
[2026-05-22 16:31:35 WIB] [INFO] Memulai survei item [4/?]: "Bantalan Stempel (Spesifikasi: Biasa)"
[2026-05-22 16:31:35 WIB] [QUERY] Daftar kata kunci yang dicoba: ["Bantalan Stempel (Spesifikasi: Biasa)","biasa","bantalan stempel biasa","bantalan stempel","bantalan","stempel"]
[2026-05-22 16:31:35 WIB] [INFO] Mencoba query #1: "Bantalan Stempel (Spesifikasi: Biasa)"
[2026-05-22 16:31:37 WIB] [INFO] Memulai survei item [3/?]: "Ballpoint / Ballpen / Pena (Spesifikasi: Biasa, R6 Isi 12 Buah)"
[2026-05-22 16:31:37 WIB] [QUERY] Daftar kata kunci yang dicoba: ["Ballpoint / Ballpen / Pena (Spesifikasi: Biasa, R6 Isi 12 Buah)","biasa r6 isi 12","ballpoint biasa r6 isi 12","pulpen biasa r6 isi 12","pen biasa r6 isi 12","ballpen biasa r6 isi 12","ballpulpen biasa r6 isi 12","ballballpoint biasa r6 isi 12","pena biasa r6 isi 12","pulpena biasa r6 isi 12","ballpointa biasa r6 isi 12","ballpoint","pulpen","pen","ballpen","ballpulpen","ballballpoint","pena","pulpena","ballpointa","ballpoint ballpoint","pulpen ballpoint","pen ballpoint"]
[2026-05-22 16:31:37 WIB] [INFO] Mencoba query #1: "Ballpoint / Ballpen / Pena (Spesifikasi: Biasa, R6 Isi 12 Buah)"
[2026-05-22 16:31:42 WIB] [ERROR] Query "Bantalan Stempel (Spesifikasi: Biasa)" nihil hasil (TIDAK DITEMUKAN).
[2026-05-22 16:31:42 WIB] [INFO] Mencoba query #2: "biasa"
[2026-05-22 16:31:43 WIB] [ERROR] Query "Ballpoint / Ballpen / Pena (Spesifikasi: Biasa, R6 Isi 12 Buah)" nihil hasil (TIDAK DITEMUKAN).
[2026-05-22 16:31:43 WIB] [INFO] Mencoba query #2: "biasa r6 isi 12"
[2026-05-22 16:31:48 WIB] [INFO] Ditemukan 15 kandidat e-Katalog untuk query "biasa"
[2026-05-22 16:31:48 WIB] [ERROR] Kandidat terbaik ditolak karena skor terlalu rendah (0.223 < 0.35). Produk: "Sekop Biasa"
[2026-05-22 16:31:49 WIB] [INFO] Ditemukan 1 kandidat e-Katalog untuk query "biasa r6 isi 12"
[2026-05-22 16:31:49 WIB] [RESULT] Kandidat terbaik terpilih: "STANDARD Ballpoint Biasa R6 isi 12 buah" (Rp 59.385) dari vendor BAHALWAN INSPIRE dengan skor 0.505
[2026-05-22 16:31:50 WIB] [INFO] Memulai survei item [5/?]: "Gunting (Spesifikasi: Besar)"
[2026-05-22 16:31:50 WIB] [QUERY] Daftar kata kunci yang dicoba: ["Gunting (Spesifikasi: Besar)","besar","gunting besar","gunting","gunting gunting"]
[2026-05-22 16:31:50 WIB] [INFO] Mencoba query #1: "Gunting (Spesifikasi: Besar)"
[2026-05-22 16:31:56 WIB] [INFO] Memulai survei item [4/?]: "Bantalan Stempel (Spesifikasi: Biasa)"
[2026-05-22 16:31:56 WIB] [QUERY] Daftar kata kunci yang dicoba: ["Bantalan Stempel (Spesifikasi: Biasa)","biasa","bantalan stempel biasa","bantalan stempel","bantalan","stempel"]
[2026-05-22 16:31:56 WIB] [INFO] Mencoba query #1: "Bantalan Stempel (Spesifikasi: Biasa)"
[2026-05-22 16:32:01 WIB] [INFO] Ditemukan 15 kandidat e-Katalog untuk query "Gunting (Spesifikasi: Besar)"
[2026-05-22 16:32:01 WIB] [RESULT] Kandidat terbaik terpilih: "Gunting Spesifikasi : Besar" (Rp 46.583) dari vendor GRIYA INDAH dengan skor 1.260
[2026-05-22 16:32:06 WIB] [ERROR] Query "Bantalan Stempel (Spesifikasi: Biasa)" nihil hasil (TIDAK DITEMUKAN).
[2026-05-22 16:32:06 WIB] [INFO] Mencoba query #2: "biasa"
[2026-05-22 16:32:10 WIB] [INFO] Memulai survei item [6/?]: "Isi Staples (Spesifikasi: No. 10-1M)"
[2026-05-22 16:32:10 WIB] [QUERY] Daftar kata kunci yang dicoba: ["Isi Staples (Spesifikasi: No. 10-1M)","no 10 1m","isi staples no 10 1m","isi steples no 10 1m","isi penjepit kertas no 10 1m","isi stapler no 10 1m","isi staples","isi steples","isi penjepit kertas","isi stapler","isi","staples","steples","penjepit kertas","stapler"]
[2026-05-22 16:32:10 WIB] [INFO] Mencoba query #1: "Isi Staples (Spesifikasi: No. 10-1M)"
[2026-05-22 16:32:13 WIB] [INFO] Ditemukan 15 kandidat e-Katalog untuk query "biasa"
[2026-05-22 16:32:13 WIB] [ERROR] Kandidat terbaik ditolak karena skor terlalu rendah (0.223 < 0.35). Produk: "Sekop Biasa"
[2026-05-22 16:32:15 WIB] [INFO] Memulai survei item [5/?]: "Gunting (Spesifikasi: Besar)"
[2026-05-22 16:32:15 WIB] [QUERY] Daftar kata kunci yang dicoba: ["Gunting (Spesifikasi: Besar)","besar","gunting besar","gunting","gunting gunting"]
[2026-05-22 16:32:15 WIB] [INFO] Mencoba query #1: "Gunting (Spesifikasi: Besar)"
[2026-05-22 16:32:19 WIB] [INFO] Ditemukan 11 kandidat e-Katalog untuk query "Isi Staples (Spesifikasi: No. 10-1M)"
[2026-05-22 16:32:19 WIB] [ERROR] Kandidat terbaik ditolak karena skor terlalu rendah (0.000 < 0.35). Produk: "Staples - Isi Stapler Spesifikasi : Isi Refill Stapler Max No. 10-1M"
[2026-05-22 16:32:21 WIB] [INFO] Memulai survei item [7/?]: "Isolasi Lakban (Spesifikasi: Hitam, Uk 46 mm x 12 m)"
[2026-05-22 16:32:21 WIB] [QUERY] Daftar kata kunci yang dicoba: ["Isolasi Lakban (Spesifikasi: Hitam, Uk 46 mm x 12 m)","hitam uk 46 mm x 12 m","isolasi lakban hitam uk 46 mm x 12 m","isolasi lakban","isolasi","lakban"]
[2026-05-22 16:32:21 WIB] [INFO] Mencoba query #1: "Isolasi Lakban (Spesifikasi: Hitam, Uk 46 mm x 12 m)"
[2026-05-22 16:32:23 WIB] [ERROR] Query "Gunting (Spesifikasi: Besar)" nihil hasil (TIDAK DITEMUKAN).
[2026-05-22 16:32:23 WIB] [INFO] Mencoba query #2: "besar"
[2026-05-22 16:32:31 WIB] [INFO] Ditemukan 1 kandidat e-Katalog untuk query "Isolasi Lakban (Spesifikasi: Hitam, Uk 46 mm x 12 m)"
[2026-05-22 16:32:31 WIB] [RESULT] Kandidat terbaik terpilih: ""Isolasi Lakban Spesifikasi : Hitam, Uk 46 mm x 12 m"" (Rp 22.200) dari vendor SAKINAH BERKAH NUSANTARA dengan skor 1.380
[2026-05-22 16:32:35 WIB] [INFO] Ditemukan 15 kandidat e-Katalog untuk query "besar"
[2026-05-22 16:32:35 WIB] [RESULT] Kandidat terbaik terpilih: "Gunting Besar" (Rp 21.800) dari vendor DEPI MAYANTI dengan skor 0.747
[2026-05-22 16:32:40 WIB] [INFO] Memulai survei item [8/?]: "Lem (Spesifikasi: 20 Ml)"
[2026-05-22 16:32:40 WIB] [QUERY] Daftar kata kunci yang dicoba: ["Lem (Spesifikasi: 20 Ml)","20 ml","lem 20 ml","lem","lem lem"]
[2026-05-22 16:32:40 WIB] [INFO] Mencoba query #1: "Lem (Spesifikasi: 20 Ml)"
[2026-05-22 16:32:41 WIB] [INFO] Memulai survei item [6/?]: "Isi Staples (Spesifikasi: No. 10-1M)"
[2026-05-22 16:32:41 WIB] [QUERY] Daftar kata kunci yang dicoba: ["Isi Staples (Spesifikasi: No. 10-1M)","no 10 1m","isi staples no 10 1m","isi steples no 10 1m","isi penjepit kertas no 10 1m","isi stapler no 10 1m","isi staples","isi steples","isi penjepit kertas","isi stapler","isi","staples","steples","penjepit kertas","stapler"]
[2026-05-22 16:32:41 WIB] [INFO] Mencoba query #1: "Isi Staples (Spesifikasi: No. 10-1M)"
[2026-05-22 16:32:50 WIB] [ERROR] Query "Lem (Spesifikasi: 20 Ml)" nihil hasil (TIDAK DITEMUKAN).
[2026-05-22 16:32:50 WIB] [INFO] Mencoba query #2: "20 ml"
[2026-05-22 16:32:51 WIB] [ERROR] Query "Isi Staples (Spesifikasi: No. 10-1M)" nihil hasil (TIDAK DITEMUKAN).
[2026-05-22 16:32:51 WIB] [INFO] Mencoba query #2: "no 10 1m"
[2026-05-22 16:33:08 WIB] [ERROR] Query "20 ml" nihil hasil (TIDAK DITEMUKAN).
[2026-05-22 16:33:08 WIB] [INFO] Mencoba query #3: "lem 20 ml"
[2026-05-22 16:33:08 WIB] [ERROR] Query "no 10 1m" nihil hasil (TIDAK DITEMUKAN).
[2026-05-22 16:33:08 WIB] [INFO] Mencoba query #3: "isi staples no 10 1m"
[2026-05-22 16:33:18 WIB] [ERROR] Query "lem 20 ml" nihil hasil (TIDAK DITEMUKAN).
[2026-05-22 16:33:18 WIB] [INFO] Mencoba query #4: "lem"
[2026-05-22 16:33:20 WIB] [INFO] Ditemukan 15 kandidat e-Katalog untuk query "isi staples no 10 1m"
[2026-05-22 16:33:20 WIB] [RESULT] Kandidat terbaik terpilih: "Isi Staples No. 10-1M" (Rp 5.550) dari vendor CV DELIMA INDONESIA dengan skor 1.064
[2026-05-22 16:33:30 WIB] [ERROR] Query "lem" nihil hasil (TIDAK DITEMUKAN).
[2026-05-22 16:33:30 WIB] [INFO] Mencoba query #5: "lem lem"
[2026-05-22 16:33:30 WIB] [INFO] Memulai survei item [7/?]: "Isolasi Lakban (Spesifikasi: Hitam, Uk 46 mm x 12 m)"
[2026-05-22 16:33:30 WIB] [QUERY] Daftar kata kunci yang dicoba: ["Isolasi Lakban (Spesifikasi: Hitam, Uk 46 mm x 12 m)","hitam uk 46 mm x 12 m","isolasi lakban hitam uk 46 mm x 12 m","isolasi lakban","isolasi","lakban"]
[2026-05-22 16:33:30 WIB] [INFO] Mencoba query #1: "Isolasi Lakban (Spesifikasi: Hitam, Uk 46 mm x 12 m)"
[2026-05-22 16:33:40 WIB] [ERROR] Query "Isolasi Lakban (Spesifikasi: Hitam, Uk 46 mm x 12 m)" nihil hasil (TIDAK DITEMUKAN).
[2026-05-22 16:33:40 WIB] [INFO] Mencoba query #2: "hitam uk 46 mm x 12 m"
[2026-05-22 16:33:41 WIB] [ERROR] Query "lem lem" nihil hasil (TIDAK DITEMUKAN).
[2026-05-22 16:33:43 WIB] [INFO] Memulai survei item [9/?]: "Map Dinas (Spesifikasi: Ukuran F4)"
[2026-05-22 16:33:43 WIB] [QUERY] Daftar kata kunci yang dicoba: ["Map Dinas (Spesifikasi: Ukuran F4)","map dinas f4","map dinas","map","dinas"]
[2026-05-22 16:33:43 WIB] [INFO] Mencoba query #1: "Map Dinas (Spesifikasi: Ukuran F4)"
[2026-05-22 16:34:07 WIB] [ERROR] Query "Map Dinas (Spesifikasi: Ukuran F4)" nihil hasil (TIDAK DITEMUKAN).
[2026-05-22 16:34:07 WIB] [INFO] Mencoba query #2: "map dinas f4"
[2026-05-22 16:34:15 WIB] [ERROR] Query "hitam uk 46 mm x 12 m" nihil hasil (TIDAK DITEMUKAN).
[2026-05-22 16:34:15 WIB] [INFO] Mencoba query #3: "isolasi lakban hitam uk 46 mm x 12 m"
[2026-05-22 16:34:24 WIB] [ERROR] Query "map dinas f4" nihil hasil (TIDAK DITEMUKAN).
[2026-05-22 16:34:24 WIB] [INFO] Mencoba query #3: "map dinas"
[2026-05-22 16:34:31 WIB] [ERROR] Query "map dinas" nihil hasil (TIDAK DITEMUKAN).
[2026-05-22 16:34:31 WIB] [INFO] Mencoba query #4: "map"
[2026-05-22 16:34:32 WIB] [ERROR] Query "isolasi lakban hitam uk 46 mm x 12 m" nihil hasil (TIDAK DITEMUKAN).
[2026-05-22 16:34:32 WIB] [INFO] Mencoba query #4: "isolasi lakban"
[2026-05-22 16:34:42 WIB] [ERROR] Query "map" nihil hasil (TIDAK DITEMUKAN).
[2026-05-22 16:34:42 WIB] [INFO] Mencoba query #5: "dinas"
[2026-05-22 16:34:47 WIB] [INFO] Ditemukan 15 kandidat e-Katalog untuk query "isolasi lakban"
[2026-05-22 16:34:48 WIB] [ERROR] Kandidat terbaik ditolak karena skor terlalu rendah (0.212 < 0.35). Produk: "Isolasi Lakban"
[2026-05-22 16:34:50 WIB] [INFO] Memulai survei item [8/?]: "Lem (Spesifikasi: 20 Ml)"
[2026-05-22 16:34:50 WIB] [QUERY] Daftar kata kunci yang dicoba: ["Lem (Spesifikasi: 20 Ml)","20 ml","lem 20 ml","lem","lem lem"]
[2026-05-22 16:34:50 WIB] [INFO] Mencoba query #1: "Lem (Spesifikasi: 20 Ml)"
[2026-05-22 16:34:56 WIB] [ERROR] Query "dinas" nihil hasil (TIDAK DITEMUKAN).
[2026-05-22 16:34:58 WIB] [INFO] Memulai survei item [10/?]: "Snelhecter Map (Spesifikasi: 5001, Isi 50 Buah)"
[2026-05-22 16:34:58 WIB] [QUERY] Daftar kata kunci yang dicoba: ["Snelhecter Map (Spesifikasi: 5001, Isi 50 Buah)","5001 isi 50","snelhecter map 5001 isi 50","snelhecter map","snelhecter","map"]
[2026-05-22 16:34:58 WIB] [INFO] Mencoba query #1: "Snelhecter Map (Spesifikasi: 5001, Isi 50 Buah)"
[2026-05-22 16:35:03 WIB] [ERROR] Query "Lem (Spesifikasi: 20 Ml)" nihil hasil (TIDAK DITEMUKAN).
[2026-05-22 16:35:03 WIB] [INFO] Mencoba query #2: "20 ml"
[2026-05-22 16:35:11 WIB] [INFO] Ditemukan 15 kandidat e-Katalog untuk query "20 ml"
[2026-05-22 16:35:11 WIB] [RESULT] Kandidat terbaik terpilih: "Minyak Kayu Putih BIO OIL 20 ml" (Rp 17.760) dari vendor ARAYSA SARANA MEDICAL dengan skor 0.381
[2026-05-22 16:35:25 WIB] [ERROR] Query "Snelhecter Map (Spesifikasi: 5001, Isi 50 Buah)" nihil hasil (TIDAK DITEMUKAN).
[2026-05-22 16:35:25 WIB] [INFO] Mencoba query #2: "5001 isi 50"
[2026-05-22 16:35:31 WIB] [INFO] Memulai survei item [9/?]: "Map Dinas (Spesifikasi: Ukuran F4)"
[2026-05-22 16:35:31 WIB] [QUERY] Daftar kata kunci yang dicoba: ["Map Dinas (Spesifikasi: Ukuran F4)","map dinas f4","map dinas","map","dinas"]
[2026-05-22 16:35:31 WIB] [INFO] Mencoba query #1: "Map Dinas (Spesifikasi: Ukuran F4)"
[2026-05-22 16:37:27 WIB] [INFO] Memulai survei item [1/?]: "Alas Triplek"
[2026-05-22 16:37:27 WIB] [QUERY] Daftar kata kunci yang dicoba: ["Alas Triplek","alas triplek","alas","triplek"]
[2026-05-22 16:37:27 WIB] [INFO] Mencoba query #1: "Alas Triplek"
[2026-05-22 16:37:52 WIB] [INFO] Ditemukan 7 kandidat e-Katalog untuk query "Alas Triplek"
[2026-05-22 16:37:52 WIB] [RESULT] Kandidat terbaik terpilih: "Papan Alas Ujian Bahan Triplek" (Rp 15.800) dari vendor RAJA MANDIRI dengan skor 0.678
[2026-05-22 16:37:59 WIB] [INFO] Memulai survei item [2/?]: "Ballpoint / Ballpen / Pena (Spesifikasi: Ballpoint Baliner)"
[2026-05-22 16:37:59 WIB] [QUERY] Daftar kata kunci yang dicoba: ["Ballpoint / Ballpen / Pena (Spesifikasi: Ballpoint Baliner)","ballpoint baliner","pulpen baliner","pen baliner","ballpen ballpoint baliner","ballpen pulpen baliner","ballpen pen baliner","ballpulpen ballpoint baliner","ballballpoint ballpoint baliner","pena ballpoint baliner","pena pulpen baliner","pena pen baliner","pulpena ballpoint baliner","ballpointa ballpoint baliner","ballpoint","pulpen","pen","ballpen","ballpulpen","ballballpoint","pena","pulpena","ballpointa","ballpoint ballpoint","pulpen ballpoint","pen ballpoint"]
[2026-05-22 16:37:59 WIB] [INFO] Mencoba query #1: "Ballpoint / Ballpen / Pena (Spesifikasi: Ballpoint Baliner)"
[2026-05-22 16:38:22 WIB] [ERROR] Query "Ballpoint / Ballpen / Pena (Spesifikasi: Ballpoint Baliner)" nihil hasil (TIDAK DITEMUKAN).
[2026-05-22 16:38:22 WIB] [INFO] Mencoba query #2: "ballpoint baliner"
[2026-05-22 16:38:39 WIB] [INFO] Ditemukan 15 kandidat e-Katalog untuk query "ballpoint baliner"
[2026-05-22 16:38:39 WIB] [RESULT] Kandidat terbaik terpilih: "Ballpoint Baliner" (Rp 299.700) dari vendor OLIVIA HUSEIN dengan skor 0.541
[2026-05-22 16:38:45 WIB] [INFO] Memulai survei item [3/?]: "Ballpoint / Ballpen / Pena (Spesifikasi: Biasa, R6 Isi 12 Buah)"
[2026-05-22 16:38:45 WIB] [QUERY] Daftar kata kunci yang dicoba: ["Ballpoint / Ballpen / Pena (Spesifikasi: Biasa, R6 Isi 12 Buah)","biasa r6 isi 12","ballpoint biasa r6 isi 12","pulpen biasa r6 isi 12","pen biasa r6 isi 12","ballpen biasa r6 isi 12","ballpulpen biasa r6 isi 12","ballballpoint biasa r6 isi 12","pena biasa r6 isi 12","pulpena biasa r6 isi 12","ballpointa biasa r6 isi 12","ballpoint","pulpen","pen","ballpen","ballpulpen","ballballpoint","pena","pulpena","ballpointa","ballpoint ballpoint","pulpen ballpoint","pen ballpoint"]
[2026-05-22 16:38:45 WIB] [INFO] Mencoba query #1: "Ballpoint / Ballpen / Pena (Spesifikasi: Biasa, R6 Isi 12 Buah)"
[2026-05-22 16:39:01 WIB] [ERROR] Query "Ballpoint / Ballpen / Pena (Spesifikasi: Biasa, R6 Isi 12 Buah)" nihil hasil (TIDAK DITEMUKAN).
[2026-05-22 16:39:01 WIB] [INFO] Mencoba query #2: "biasa r6 isi 12"
[2026-05-22 16:39:07 WIB] [INFO] Ditemukan 1 kandidat e-Katalog untuk query "biasa r6 isi 12"
[2026-05-22 16:39:07 WIB] [RESULT] Kandidat terbaik terpilih: "STANDARD Ballpoint Biasa R6 isi 12 buah" (Rp 59.385) dari vendor BAHALWAN INSPIRE dengan skor 0.505
[2026-05-22 16:39:17 WIB] [INFO] Memulai survei item [4/?]: "Bantalan Stempel (Spesifikasi: Biasa)"
[2026-05-22 16:39:17 WIB] [QUERY] Daftar kata kunci yang dicoba: ["Bantalan Stempel (Spesifikasi: Biasa)","biasa","bantalan stempel biasa","bantalan stempel","bantalan","stempel"]
[2026-05-22 16:39:17 WIB] [INFO] Mencoba query #1: "Bantalan Stempel (Spesifikasi: Biasa)"
[2026-05-22 16:39:25 WIB] [ERROR] Query "Bantalan Stempel (Spesifikasi: Biasa)" nihil hasil (TIDAK DITEMUKAN).
[2026-05-22 16:39:25 WIB] [INFO] Mencoba query #2: "biasa"
[2026-05-22 16:39:32 WIB] [INFO] Ditemukan 15 kandidat e-Katalog untuk query "biasa"
[2026-05-22 16:39:32 WIB] [ERROR] Kandidat terbaik ditolak karena skor terlalu rendah (0.223 < 0.35). Produk: "Sekop Biasa"
[2026-05-22 16:39:34 WIB] [INFO] Memulai survei item [5/?]: "Gunting (Spesifikasi: Besar)"
[2026-05-22 16:39:34 WIB] [QUERY] Daftar kata kunci yang dicoba: ["Gunting (Spesifikasi: Besar)","besar","gunting besar","gunting","gunting gunting"]
[2026-05-22 16:39:34 WIB] [INFO] Mencoba query #1: "Gunting (Spesifikasi: Besar)"
[2026-05-22 16:39:50 WIB] [INFO] Ditemukan 15 kandidat e-Katalog untuk query "Gunting (Spesifikasi: Besar)"
[2026-05-22 16:39:50 WIB] [RESULT] Kandidat terbaik terpilih: "Gunting Spesifikasi : Besar" (Rp 46.583) dari vendor GRIYA INDAH dengan skor 1.260
[2026-05-22 16:39:55 WIB] [INFO] Memulai survei item [6/?]: "Isi Staples (Spesifikasi: No. 10-1M)"
[2026-05-22 16:39:55 WIB] [QUERY] Daftar kata kunci yang dicoba: ["Isi Staples (Spesifikasi: No. 10-1M)","no 10 1m","isi staples no 10 1m","isi steples no 10 1m","isi penjepit kertas no 10 1m","isi stapler no 10 1m","isi staples","isi steples","isi penjepit kertas","isi stapler","isi","staples","steples","penjepit kertas","stapler"]
[2026-05-22 16:39:55 WIB] [INFO] Mencoba query #1: "Isi Staples (Spesifikasi: No. 10-1M)"
[2026-05-22 16:40:01 WIB] [INFO] Ditemukan 11 kandidat e-Katalog untuk query "Isi Staples (Spesifikasi: No. 10-1M)"
[2026-05-22 16:40:01 WIB] [ERROR] Kandidat terbaik ditolak karena skor terlalu rendah (0.000 < 0.35). Produk: "Staples - Isi Stapler Spesifikasi : Isi Refill Stapler Max No. 10-1M"
[2026-05-22 16:40:03 WIB] [INFO] Memulai survei item [7/?]: "Isolasi Lakban (Spesifikasi: Hitam, Uk 46 mm x 12 m)"
[2026-05-22 16:40:03 WIB] [QUERY] Daftar kata kunci yang dicoba: ["Isolasi Lakban (Spesifikasi: Hitam, Uk 46 mm x 12 m)","hitam uk 46 mm x 12 m","isolasi lakban hitam uk 46 mm x 12 m","isolasi lakban","isolasi","lakban"]
[2026-05-22 16:40:03 WIB] [INFO] Mencoba query #1: "Isolasi Lakban (Spesifikasi: Hitam, Uk 46 mm x 12 m)"
[2026-05-22 16:40:14 WIB] [INFO] Ditemukan 1 kandidat e-Katalog untuk query "Isolasi Lakban (Spesifikasi: Hitam, Uk 46 mm x 12 m)"
[2026-05-22 16:40:14 WIB] [RESULT] Kandidat terbaik terpilih: ""Isolasi Lakban Spesifikasi : Hitam, Uk 46 mm x 12 m"" (Rp 22.200) dari vendor SAKINAH BERKAH NUSANTARA dengan skor 1.380
[2026-05-22 16:40:22 WIB] [INFO] Memulai survei item [8/?]: "Lem (Spesifikasi: 20 Ml)"
[2026-05-22 16:40:22 WIB] [QUERY] Daftar kata kunci yang dicoba: ["Lem (Spesifikasi: 20 Ml)","20 ml","lem 20 ml","lem","lem lem"]
[2026-05-22 16:40:22 WIB] [INFO] Mencoba query #1: "Lem (Spesifikasi: 20 Ml)"
[2026-05-22 16:40:28 WIB] [ERROR] Query "Lem (Spesifikasi: 20 Ml)" nihil hasil (TIDAK DITEMUKAN).
[2026-05-22 16:40:28 WIB] [INFO] Mencoba query #2: "20 ml"
[2026-05-22 16:40:44 WIB] [INFO] Ditemukan 15 kandidat e-Katalog untuk query "20 ml"
[2026-05-22 16:40:44 WIB] [RESULT] Kandidat terbaik terpilih: "Minyak Kayu Putih BIO OIL 20 ml" (Rp 17.760) dari vendor ARAYSA SARANA MEDICAL dengan skor 0.381
[2026-05-22 16:40:55 WIB] [INFO] Memulai survei item [9/?]: "Map Dinas (Spesifikasi: Ukuran F4)"
[2026-05-22 16:40:55 WIB] [QUERY] Daftar kata kunci yang dicoba: ["Map Dinas (Spesifikasi: Ukuran F4)","map dinas f4","map dinas","map","dinas"]
[2026-05-22 16:40:55 WIB] [INFO] Mencoba query #1: "Map Dinas (Spesifikasi: Ukuran F4)"
[2026-05-22 16:41:02 WIB] [INFO] Ditemukan 1 kandidat e-Katalog untuk query "Map Dinas (Spesifikasi: Ukuran F4)"
[2026-05-22 16:41:02 WIB] [ERROR] Kandidat terbaik ditolak karena skor terlalu rendah (0.000 < 0.35). Produk: "Belum Aktif"
[2026-05-22 16:41:04 WIB] [INFO] Memulai survei item [10/?]: "Snelhecter Map (Spesifikasi: 5001, Isi 50 Buah)"
[2026-05-22 16:41:04 WIB] [QUERY] Daftar kata kunci yang dicoba: ["Snelhecter Map (Spesifikasi: 5001, Isi 50 Buah)","5001 isi 50","snelhecter map 5001 isi 50","snelhecter map","snelhecter","map"]
[2026-05-22 16:41:04 WIB] [INFO] Mencoba query #1: "Snelhecter Map (Spesifikasi: 5001, Isi 50 Buah)"
[2026-05-22 16:43:48 WIB] [INFO] Memulai survei item [1/?]: "Alas Triplek"
[2026-05-22 16:43:48 WIB] [QUERY] Daftar kata kunci yang dicoba: ["Alas Triplek","alas triplek","alas","triplek"]
[2026-05-22 16:43:48 WIB] [INFO] Mencoba query #1: "Alas Triplek"
[2026-05-22 16:44:02 WIB] [INFO] Ditemukan 7 kandidat e-Katalog untuk query "Alas Triplek"
[2026-05-22 16:44:02 WIB] [RESULT] Kandidat terbaik terpilih: "Papan Alas Ujian Bahan Triplek" (Rp 15.800) dari vendor RAJA MANDIRI dengan skor 0.678
[2026-05-22 16:44:12 WIB] [INFO] Memulai survei item [2/?]: "Ballpoint / Ballpen / Pena (Spesifikasi: Ballpoint Baliner)"
[2026-05-22 16:44:12 WIB] [QUERY] Daftar kata kunci yang dicoba: ["Ballpoint / Ballpen / Pena (Spesifikasi: Ballpoint Baliner)","ballpoint baliner","pulpen baliner","pen baliner","ballpen ballpoint baliner","ballpen pulpen baliner","ballpen pen baliner","ballpulpen ballpoint baliner","ballballpoint ballpoint baliner","pena ballpoint baliner","pena pulpen baliner","pena pen baliner","pulpena ballpoint baliner","ballpointa ballpoint baliner","ballpoint","pulpen","pen","ballpen","ballpulpen","ballballpoint","pena","pulpena","ballpointa","ballpoint ballpoint","pulpen ballpoint","pen ballpoint"]
[2026-05-22 16:44:12 WIB] [INFO] Mencoba query #1: "Ballpoint / Ballpen / Pena (Spesifikasi: Ballpoint Baliner)"
[2026-05-22 16:44:20 WIB] [ERROR] Query "Ballpoint / Ballpen / Pena (Spesifikasi: Ballpoint Baliner)" nihil hasil (TIDAK DITEMUKAN).
[2026-05-22 16:44:20 WIB] [INFO] Mencoba query #2: "ballpoint baliner"
[2026-05-22 16:44:26 WIB] [INFO] Ditemukan 15 kandidat e-Katalog untuk query "ballpoint baliner"
[2026-05-22 16:44:26 WIB] [RESULT] Kandidat terbaik terpilih: "Ballpoint Baliner" (Rp 299.700) dari vendor OLIVIA HUSEIN dengan skor 0.541
[2026-05-22 16:44:32 WIB] [INFO] Memulai survei item [3/?]: "Ballpoint / Ballpen / Pena (Spesifikasi: Biasa, R6 Isi 12 Buah)"
[2026-05-22 16:44:32 WIB] [QUERY] Daftar kata kunci yang dicoba: ["Ballpoint / Ballpen / Pena (Spesifikasi: Biasa, R6 Isi 12 Buah)","biasa r6 isi 12","ballpoint biasa r6 isi 12","pulpen biasa r6 isi 12","pen biasa r6 isi 12","ballpen biasa r6 isi 12","ballpulpen biasa r6 isi 12","ballballpoint biasa r6 isi 12","pena biasa r6 isi 12","pulpena biasa r6 isi 12","ballpointa biasa r6 isi 12","ballpoint","pulpen","pen","ballpen","ballpulpen","ballballpoint","pena","pulpena","ballpointa","ballpoint ballpoint","pulpen ballpoint","pen ballpoint"]
[2026-05-22 16:44:32 WIB] [INFO] Mencoba query #1: "Ballpoint / Ballpen / Pena (Spesifikasi: Biasa, R6 Isi 12 Buah)"
[2026-05-22 16:44:35 WIB] [ERROR] Query "Ballpoint / Ballpen / Pena (Spesifikasi: Biasa, R6 Isi 12 Buah)" nihil hasil (TIDAK DITEMUKAN).
[2026-05-22 16:44:35 WIB] [INFO] Mencoba query #2: "biasa r6 isi 12"
[2026-05-22 16:44:39 WIB] [INFO] Ditemukan 1 kandidat e-Katalog untuk query "biasa r6 isi 12"
[2026-05-22 16:44:39 WIB] [RESULT] Kandidat terbaik terpilih: "STANDARD Ballpoint Biasa R6 isi 12 buah" (Rp 59.385) dari vendor BAHALWAN INSPIRE dengan skor 0.505
[2026-05-22 16:44:49 WIB] [INFO] Memulai survei item [4/?]: "Bantalan Stempel (Spesifikasi: Biasa)"
[2026-05-22 16:44:49 WIB] [QUERY] Daftar kata kunci yang dicoba: ["Bantalan Stempel (Spesifikasi: Biasa)","biasa","bantalan stempel biasa","bantalan stempel","bantalan","stempel"]
[2026-05-22 16:44:49 WIB] [INFO] Mencoba query #1: "Bantalan Stempel (Spesifikasi: Biasa)"
[2026-05-22 16:44:53 WIB] [ERROR] Query "Bantalan Stempel (Spesifikasi: Biasa)" nihil hasil (TIDAK DITEMUKAN).
[2026-05-22 16:44:53 WIB] [INFO] Mencoba query #2: "biasa"
[2026-05-22 16:44:58 WIB] [INFO] Ditemukan 15 kandidat e-Katalog untuk query "biasa"
[2026-05-22 16:44:58 WIB] [ERROR] Kandidat terbaik ditolak karena skor terlalu rendah (0.223 < 0.35). Produk: "Sekop Biasa"
[2026-05-22 16:45:04 WIB] [INFO] Memulai survei item [5/?]: "Gunting (Spesifikasi: Besar)"
[2026-05-22 16:45:04 WIB] [QUERY] Daftar kata kunci yang dicoba: ["Gunting (Spesifikasi: Besar)","besar","gunting besar","gunting","gunting gunting"]
[2026-05-22 16:45:04 WIB] [INFO] Mencoba query #1: "Gunting (Spesifikasi: Besar)"
[2026-05-22 16:45:08 WIB] [INFO] Ditemukan 15 kandidat e-Katalog untuk query "Gunting (Spesifikasi: Besar)"
[2026-05-22 16:45:08 WIB] [RESULT] Kandidat terbaik terpilih: "Gunting Spesifikasi : Besar" (Rp 46.583) dari vendor GRIYA INDAH dengan skor 1.260
[2026-05-22 16:45:13 WIB] [INFO] Memulai survei item [6/?]: "Isi Staples (Spesifikasi: No. 10-1M)"
[2026-05-22 16:45:13 WIB] [QUERY] Daftar kata kunci yang dicoba: ["Isi Staples (Spesifikasi: No. 10-1M)","no 10 1m","isi staples no 10 1m","isi steples no 10 1m","isi penjepit kertas no 10 1m","isi stapler no 10 1m","isi staples","isi steples","isi penjepit kertas","isi stapler","isi","staples","steples","penjepit kertas","stapler"]
[2026-05-22 16:45:13 WIB] [INFO] Mencoba query #1: "Isi Staples (Spesifikasi: No. 10-1M)"
[2026-05-22 16:45:24 WIB] [INFO] Ditemukan 11 kandidat e-Katalog untuk query "Isi Staples (Spesifikasi: No. 10-1M)"
[2026-05-22 16:45:24 WIB] [ERROR] Kandidat terbaik ditolak karena skor terlalu rendah (0.000 < 0.35). Produk: "Staples - Isi Stapler Spesifikasi : Isi Refill Stapler Max No. 10-1M"
[2026-05-22 16:45:42 WIB] [INFO] Memulai survei item [7/?]: "Isolasi Lakban (Spesifikasi: Hitam, Uk 46 mm x 12 m)"
[2026-05-22 16:45:42 WIB] [QUERY] Daftar kata kunci yang dicoba: ["Isolasi Lakban (Spesifikasi: Hitam, Uk 46 mm x 12 m)","hitam uk 46 mm x 12 m","isolasi lakban hitam uk 46 mm x 12 m","isolasi lakban","isolasi","lakban"]
[2026-05-22 16:45:42 WIB] [INFO] Mencoba query #1: "Isolasi Lakban (Spesifikasi: Hitam, Uk 46 mm x 12 m)"
[2026-05-22 16:45:46 WIB] [INFO] Ditemukan 1 kandidat e-Katalog untuk query "Isolasi Lakban (Spesifikasi: Hitam, Uk 46 mm x 12 m)"
[2026-05-22 16:45:46 WIB] [RESULT] Kandidat terbaik terpilih: ""Isolasi Lakban Spesifikasi : Hitam, Uk 46 mm x 12 m"" (Rp 22.200) dari vendor SAKINAH BERKAH NUSANTARA dengan skor 1.380
[2026-05-22 16:45:55 WIB] [INFO] Memulai survei item [8/?]: "Lem (Spesifikasi: 20 Ml)"
[2026-05-22 16:45:55 WIB] [QUERY] Daftar kata kunci yang dicoba: ["Lem (Spesifikasi: 20 Ml)","20 ml","lem 20 ml","lem","lem lem"]
[2026-05-22 16:45:55 WIB] [INFO] Mencoba query #1: "Lem (Spesifikasi: 20 Ml)"
[2026-05-22 16:45:58 WIB] [ERROR] Query "Lem (Spesifikasi: 20 Ml)" nihil hasil (TIDAK DITEMUKAN).
[2026-05-22 16:45:58 WIB] [INFO] Mencoba query #2: "20 ml"
[2026-05-22 16:46:05 WIB] [INFO] Ditemukan 15 kandidat e-Katalog untuk query "20 ml"
[2026-05-22 16:46:05 WIB] [RESULT] Kandidat terbaik terpilih: "Minyak Kayu Putih BIO OIL 20 ml" (Rp 17.760) dari vendor ARAYSA SARANA MEDICAL dengan skor 0.381
[2026-05-22 16:46:13 WIB] [INFO] Memulai survei item [9/?]: "Map Dinas (Spesifikasi: Ukuran F4)"
[2026-05-22 16:46:13 WIB] [QUERY] Daftar kata kunci yang dicoba: ["Map Dinas (Spesifikasi: Ukuran F4)","map dinas f4","map dinas","map","dinas"]
[2026-05-22 16:46:13 WIB] [INFO] Mencoba query #1: "Map Dinas (Spesifikasi: Ukuran F4)"
[2026-05-22 16:46:17 WIB] [INFO] Ditemukan 1 kandidat e-Katalog untuk query "Map Dinas (Spesifikasi: Ukuran F4)"
[2026-05-22 16:46:17 WIB] [ERROR] Kandidat terbaik ditolak karena skor terlalu rendah (0.000 < 0.35). Produk: "Belum Aktif"
[2026-05-22 16:46:28 WIB] [INFO] Memulai survei item [10/?]: "Snelhecter Map (Spesifikasi: 5001, Isi 50 Buah)"
[2026-05-22 16:46:28 WIB] [QUERY] Daftar kata kunci yang dicoba: ["Snelhecter Map (Spesifikasi: 5001, Isi 50 Buah)","5001 isi 50","snelhecter map 5001 isi 50","snelhecter map","snelhecter","map"]
[2026-05-22 16:46:28 WIB] [INFO] Mencoba query #1: "Snelhecter Map (Spesifikasi: 5001, Isi 50 Buah)"
[2026-05-22 16:46:36 WIB] [ERROR] Query "Snelhecter Map (Spesifikasi: 5001, Isi 50 Buah)" nihil hasil (TIDAK DITEMUKAN).
[2026-05-22 16:46:36 WIB] [INFO] Mencoba query #2: "5001 isi 50"
[2026-05-22 16:46:41 WIB] [INFO] Ditemukan 15 kandidat e-Katalog untuk query "5001 isi 50"
[2026-05-22 16:46:41 WIB] [RESULT] Kandidat terbaik terpilih: "Map Diamond 5001 isi 50 lbr" (Rp 83.805) dari vendor MULTAZAM IZDIHAAR dengan skor 0.624
[2026-05-22 16:46:48 WIB] [INFO] Memulai survei item [11/?]: "Spidol (Spesifikasi: Besar)"
[2026-05-22 16:46:48 WIB] [QUERY] Daftar kata kunci yang dicoba: ["Spidol (Spesifikasi: Besar)","besar","spidol besar","marker besar","pena besar","highlighter besar","spidol permanen besar","spidol","marker","pena","highlighter","spidol permanen","spidol spidol","marker spidol","pena spidol","highlighter spidol","spidol permanen spidol"]
[2026-05-22 16:46:48 WIB] [INFO] Mencoba query #1: "Spidol (Spesifikasi: Besar)"
[2026-05-22 16:46:55 WIB] [INFO] Ditemukan 3 kandidat e-Katalog untuk query "Spidol (Spesifikasi: Besar)"
[2026-05-22 16:46:55 WIB] [RESULT] Kandidat terbaik terpilih: "Spidol Besar Spesifikasi : Snowman Permanen" (Rp 14.999) dari vendor DAYA ABADI dengan skor 0.972
[2026-05-22 16:47:03 WIB] [INFO] Memulai survei item [12/?]: "Stapler/Hechmachine (Spesifikasi: Kecil)"
[2026-05-22 16:47:03 WIB] [QUERY] Daftar kata kunci yang dicoba: ["Stapler/Hechmachine (Spesifikasi: Kecil)","kecil","stapler kecil","hechmachine kecil","stapler","hechmachine","stapler stapler"]
[2026-05-22 16:47:03 WIB] [INFO] Mencoba query #1: "Stapler/Hechmachine (Spesifikasi: Kecil)"
[2026-05-22 16:47:09 WIB] [ERROR] Query "Stapler/Hechmachine (Spesifikasi: Kecil)" nihil hasil (TIDAK DITEMUKAN).
[2026-05-22 16:47:09 WIB] [INFO] Mencoba query #2: "kecil"
[2026-05-22 16:47:19 WIB] [INFO] Ditemukan 15 kandidat e-Katalog untuk query "kecil"
[2026-05-22 16:47:19 WIB] [ERROR] Kandidat terbaik ditolak karena skor terlalu rendah (0.299 < 0.35). Produk: "Handuk Kecil"
[2026-05-22 16:47:25 WIB] [INFO] Memulai survei item [13/?]: "Tinta Stempel (Spesifikasi: 50 Ml)"
[2026-05-22 16:47:25 WIB] [QUERY] Daftar kata kunci yang dicoba: ["Tinta Stempel (Spesifikasi: 50 Ml)","50 ml","tinta stempel 50 ml","tinta stempel","tinta","stempel"]
[2026-05-22 16:47:25 WIB] [INFO] Mencoba query #1: "Tinta Stempel (Spesifikasi: 50 Ml)"
[2026-05-22 16:47:37 WIB] [ERROR] Query "Tinta Stempel (Spesifikasi: 50 Ml)" nihil hasil (TIDAK DITEMUKAN).
[2026-05-22 16:47:37 WIB] [INFO] Mencoba query #2: "50 ml"
[2026-05-22 16:47:55 WIB] [INFO] Ditemukan 15 kandidat e-Katalog untuk query "50 ml"
[2026-05-22 16:47:55 WIB] [RESULT] Kandidat terbaik terpilih: "Tinta Stempel 50 mL" (Rp 20.535) dari vendor SRIJAYA SUKSES SEJAHTERA dengan skor 0.636
[2026-05-22 17:02:19 WIB] [INFO] Memulai survei item [1/?]: "Alas Triplek"
[2026-05-22 17:02:19 WIB] [QUERY] Daftar kata kunci yang dicoba: ["Alas Triplek","alas triplek","alas","triplek"]
[2026-05-22 17:02:19 WIB] [INFO] Mencoba query #1: "Alas Triplek probolinggo"
[2026-05-22 17:02:26 WIB] [ERROR] Query "Alas Triplek probolinggo" nihil hasil (TIDAK DITEMUKAN).
[2026-05-22 17:02:26 WIB] [INFO] Mencoba query #2: "alas triplek probolinggo"
[2026-05-22 17:02:39 WIB] [ERROR] Query "alas triplek probolinggo" nihil hasil (TIDAK DITEMUKAN).
[2026-05-22 17:02:39 WIB] [INFO] Mencoba query #3: "alas probolinggo"
[2026-05-22 17:02:44 WIB] [ERROR] Query "alas probolinggo" nihil hasil (TIDAK DITEMUKAN).
[2026-05-22 17:02:44 WIB] [INFO] Mencoba query #4: "triplek probolinggo"
[2026-05-22 17:02:49 WIB] [ERROR] Query "triplek probolinggo" nihil hasil (TIDAK DITEMUKAN).
[2026-05-22 17:02:51 WIB] [INFO] Memulai survei item [2/?]: "Ballpoint / Ballpen / Pena (Spesifikasi: Ballpoint Baliner)"
[2026-05-22 17:02:51 WIB] [QUERY] Daftar kata kunci yang dicoba: ["Ballpoint / Ballpen / Pena (Spesifikasi: Ballpoint Baliner)","ballpoint baliner","pulpen baliner","pen baliner","ballpen ballpoint baliner","ballpen pulpen baliner","ballpen pen baliner","ballpulpen ballpoint baliner","ballballpoint ballpoint baliner","pena ballpoint baliner","pena pulpen baliner","pena pen baliner","pulpena ballpoint baliner","ballpointa ballpoint baliner","ballpoint","pulpen","pen","ballpen","ballpulpen","ballballpoint","pena","pulpena","ballpointa","ballpoint ballpoint","pulpen ballpoint","pen ballpoint"]
[2026-05-22 17:02:51 WIB] [INFO] Mencoba query #1: "Ballpoint / Ballpen / Pena (Spesifikasi: Ballpoint Baliner) probolinggo"
[2026-05-22 17:02:57 WIB] [ERROR] Query "Ballpoint / Ballpen / Pena (Spesifikasi: Ballpoint Baliner) probolinggo" nihil hasil (TIDAK DITEMUKAN).
[2026-05-22 17:02:57 WIB] [INFO] Mencoba query #2: "ballpoint baliner probolinggo"
[2026-05-22 17:03:10 WIB] [ERROR] Query "ballpoint baliner probolinggo" nihil hasil (TIDAK DITEMUKAN).
[2026-05-22 17:03:10 WIB] [INFO] Mencoba query #3: "pulpen baliner probolinggo"
[2026-05-22 17:03:18 WIB] [ERROR] Query "pulpen baliner probolinggo" nihil hasil (TIDAK DITEMUKAN).
[2026-05-22 17:03:18 WIB] [INFO] Mencoba query #4: "pen baliner probolinggo"
[2026-05-22 17:03:23 WIB] [ERROR] Query "pen baliner probolinggo" nihil hasil (TIDAK DITEMUKAN).
[2026-05-22 17:03:23 WIB] [INFO] Mencoba query #5: "ballpen ballpoint baliner probolinggo"
[2026-05-22 17:03:28 WIB] [ERROR] Query "ballpen ballpoint baliner probolinggo" nihil hasil (TIDAK DITEMUKAN).
[2026-05-22 17:03:28 WIB] [INFO] Mencoba query #6: "ballpen pulpen baliner probolinggo"
[2026-05-22 17:03:34 WIB] [ERROR] Query "ballpen pulpen baliner probolinggo" nihil hasil (TIDAK DITEMUKAN).
[2026-05-22 17:03:34 WIB] [INFO] Mencoba query #7: "ballpen pen baliner probolinggo"
[2026-05-22 17:03:41 WIB] [ERROR] Query "ballpen pen baliner probolinggo" nihil hasil (TIDAK DITEMUKAN).
[2026-05-22 17:03:41 WIB] [INFO] Mencoba query #8: "ballpulpen ballpoint baliner probolinggo"
[2026-05-22 17:03:49 WIB] [ERROR] Query "ballpulpen ballpoint baliner probolinggo" nihil hasil (TIDAK DITEMUKAN).
[2026-05-22 17:03:49 WIB] [INFO] Mencoba query #9: "ballballpoint ballpoint baliner probolinggo"
[2026-05-22 17:03:57 WIB] [ERROR] Query "ballballpoint ballpoint baliner probolinggo" nihil hasil (TIDAK DITEMUKAN).
[2026-05-22 17:03:57 WIB] [INFO] Mencoba query #10: "pena ballpoint baliner probolinggo"
[2026-05-22 17:04:02 WIB] [ERROR] Query "pena ballpoint baliner probolinggo" nihil hasil (TIDAK DITEMUKAN).
[2026-05-22 17:04:02 WIB] [INFO] Mencoba query #11: "pena pulpen baliner probolinggo"
[2026-05-22 17:04:07 WIB] [ERROR] Query "pena pulpen baliner probolinggo" nihil hasil (TIDAK DITEMUKAN).
[2026-05-22 17:04:07 WIB] [INFO] Mencoba query #12: "pena pen baliner probolinggo"
[2026-05-22 17:04:17 WIB] [ERROR] Query "pena pen baliner probolinggo" nihil hasil (TIDAK DITEMUKAN).
[2026-05-22 17:04:17 WIB] [INFO] Mencoba query #13: "pulpena ballpoint baliner probolinggo"
[2026-05-22 17:04:23 WIB] [ERROR] Query "pulpena ballpoint baliner probolinggo" nihil hasil (TIDAK DITEMUKAN).
[2026-05-22 17:04:23 WIB] [INFO] Mencoba query #14: "ballpointa ballpoint baliner probolinggo"
[2026-05-22 17:04:28 WIB] [ERROR] Query "ballpointa ballpoint baliner probolinggo" nihil hasil (TIDAK DITEMUKAN).
[2026-05-22 17:04:28 WIB] [INFO] Mencoba query #15: "ballpoint probolinggo"
[2026-05-22 17:04:35 WIB] [ERROR] Query "ballpoint probolinggo" nihil hasil (TIDAK DITEMUKAN).
[2026-05-22 17:04:35 WIB] [INFO] Mencoba query #16: "pulpen probolinggo"
[2026-05-22 17:04:40 WIB] [ERROR] Query "pulpen probolinggo" nihil hasil (TIDAK DITEMUKAN).
[2026-05-22 17:04:40 WIB] [INFO] Mencoba query #17: "pen probolinggo"
[2026-05-22 17:04:46 WIB] [INFO] Ditemukan 15 kandidat e-Katalog untuk query "pen probolinggo"
[2026-05-22 17:04:46 WIB] [ERROR] Kandidat terbaik ditolak karena skor terlalu rendah (0.000 < 0.35). Produk: "Pengujian dan Kalibrasi Microscope - Kota Probolinggo"
[2026-05-22 17:05:04 WIB] [INFO] Memulai survei item [3/?]: "Ballpoint / Ballpen / Pena (Spesifikasi: Biasa, R6 Isi 12 Buah)"
[2026-05-22 17:05:04 WIB] [QUERY] Daftar kata kunci yang dicoba: ["Ballpoint / Ballpen / Pena (Spesifikasi: Biasa, R6 Isi 12 Buah)","biasa r6 isi 12","ballpoint biasa r6 isi 12","pulpen biasa r6 isi 12","pen biasa r6 isi 12","ballpen biasa r6 isi 12","ballpulpen biasa r6 isi 12","ballballpoint biasa r6 isi 12","pena biasa r6 isi 12","pulpena biasa r6 isi 12","ballpointa biasa r6 isi 12","ballpoint","pulpen","pen","ballpen","ballpulpen","ballballpoint","pena","pulpena","ballpointa","ballpoint ballpoint","pulpen ballpoint","pen ballpoint"]
[2026-05-22 17:05:04 WIB] [INFO] Mencoba query #1: "Ballpoint / Ballpen / Pena (Spesifikasi: Biasa, R6 Isi 12 Buah) probolinggo"
[2026-05-22 17:05:09 WIB] [ERROR] Query "Ballpoint / Ballpen / Pena (Spesifikasi: Biasa, R6 Isi 12 Buah) probolinggo" nihil hasil (TIDAK DITEMUKAN).
[2026-05-22 17:05:09 WIB] [INFO] Mencoba query #2: "biasa r6 isi 12 probolinggo"
[2026-05-22 17:05:13 WIB] [ERROR] Query "biasa r6 isi 12 probolinggo" nihil hasil (TIDAK DITEMUKAN).
[2026-05-22 17:05:13 WIB] [INFO] Mencoba query #3: "ballpoint biasa r6 isi 12 probolinggo"
[2026-05-22 17:05:20 WIB] [ERROR] Query "ballpoint biasa r6 isi 12 probolinggo" nihil hasil (TIDAK DITEMUKAN).
[2026-05-22 17:05:20 WIB] [INFO] Mencoba query #4: "pulpen biasa r6 isi 12 probolinggo"
[2026-05-22 17:05:23 WIB] [ERROR] Query "pulpen biasa r6 isi 12 probolinggo" nihil hasil (TIDAK DITEMUKAN).
[2026-05-22 17:05:23 WIB] [INFO] Mencoba query #5: "pen biasa r6 isi 12 probolinggo"
[2026-05-22 17:05:25 WIB] [ERROR] Query "pen biasa r6 isi 12 probolinggo" nihil hasil (TIDAK DITEMUKAN).
[2026-05-22 17:05:25 WIB] [INFO] Mencoba query #6: "ballpen biasa r6 isi 12 probolinggo"
[2026-05-22 17:05:27 WIB] [ERROR] Query "ballpen biasa r6 isi 12 probolinggo" nihil hasil (TIDAK DITEMUKAN).
[2026-05-22 17:05:27 WIB] [INFO] Mencoba query #7: "ballpulpen biasa r6 isi 12 probolinggo"
[2026-05-22 17:05:30 WIB] [ERROR] Query "ballpulpen biasa r6 isi 12 probolinggo" nihil hasil (TIDAK DITEMUKAN).
[2026-05-22 17:05:30 WIB] [INFO] Mencoba query #8: "ballballpoint biasa r6 isi 12 probolinggo"
[2026-05-22 17:05:32 WIB] [ERROR] Query "ballballpoint biasa r6 isi 12 probolinggo" nihil hasil (TIDAK DITEMUKAN).
[2026-05-22 17:05:32 WIB] [INFO] Mencoba query #9: "pena biasa r6 isi 12 probolinggo"
[2026-05-22 17:05:34 WIB] [ERROR] Query "pena biasa r6 isi 12 probolinggo" nihil hasil (TIDAK DITEMUKAN).
[2026-05-22 17:05:34 WIB] [INFO] Mencoba query #10: "pulpena biasa r6 isi 12 probolinggo"
[2026-05-22 17:05:36 WIB] [ERROR] Query "pulpena biasa r6 isi 12 probolinggo" nihil hasil (TIDAK DITEMUKAN).
[2026-05-22 17:05:36 WIB] [INFO] Mencoba query #11: "ballpointa biasa r6 isi 12 probolinggo"
[2026-05-22 17:05:40 WIB] [ERROR] Query "ballpointa biasa r6 isi 12 probolinggo" nihil hasil (TIDAK DITEMUKAN).
[2026-05-22 17:05:40 WIB] [INFO] Mencoba query #12: "ballpoint probolinggo"
[2026-05-22 17:05:43 WIB] [ERROR] Query "ballpoint probolinggo" nihil hasil (TIDAK DITEMUKAN).
[2026-05-22 17:05:43 WIB] [INFO] Mencoba query #13: "pulpen probolinggo"
[2026-05-22 17:05:46 WIB] [ERROR] Query "pulpen probolinggo" nihil hasil (TIDAK DITEMUKAN).
[2026-05-22 17:05:46 WIB] [INFO] Mencoba query #14: "pen probolinggo"
[2026-05-22 17:05:53 WIB] [ERROR] Query "pen probolinggo" nihil hasil (TIDAK DITEMUKAN).
[2026-05-22 17:05:53 WIB] [INFO] Mencoba query #15: "ballpen probolinggo"
[2026-05-22 17:05:56 WIB] [ERROR] Query "ballpen probolinggo" nihil hasil (TIDAK DITEMUKAN).
[2026-05-22 17:05:56 WIB] [INFO] Mencoba query #16: "ballpulpen probolinggo"
[2026-05-22 17:06:01 WIB] [ERROR] Query "ballpulpen probolinggo" nihil hasil (TIDAK DITEMUKAN).
[2026-05-22 17:06:01 WIB] [INFO] Mencoba query #17: "ballballpoint probolinggo"
[2026-05-22 17:06:03 WIB] [ERROR] Query "ballballpoint probolinggo" nihil hasil (TIDAK DITEMUKAN).
[2026-05-22 17:06:03 WIB] [INFO] Mencoba query #18: "pena probolinggo"
[2026-05-22 17:06:08 WIB] [ERROR] Query "pena probolinggo" nihil hasil (TIDAK DITEMUKAN).
[2026-05-22 17:06:08 WIB] [INFO] Mencoba query #19: "pulpena probolinggo"
[2026-05-22 17:06:14 WIB] [ERROR] Query "pulpena probolinggo" nihil hasil (TIDAK DITEMUKAN).
[2026-05-22 17:06:14 WIB] [INFO] Mencoba query #20: "ballpointa probolinggo"
[2026-05-22 17:06:33 WIB] [ERROR] Query "ballpointa probolinggo" nihil hasil (TIDAK DITEMUKAN).
[2026-05-22 17:06:33 WIB] [INFO] Mencoba query #21: "ballpoint ballpoint probolinggo"
[2026-05-22 17:06:40 WIB] [ERROR] Query "ballpoint ballpoint probolinggo" nihil hasil (TIDAK DITEMUKAN).
[2026-05-22 17:06:40 WIB] [INFO] Mencoba query #22: "pulpen ballpoint probolinggo"
[2026-05-22 17:06:47 WIB] [ERROR] Query "pulpen ballpoint probolinggo" nihil hasil (TIDAK DITEMUKAN).
[2026-05-22 17:06:47 WIB] [INFO] Mencoba query #23: "pen ballpoint probolinggo"
[2026-05-22 17:07:09 WIB] [ERROR] Query "pen ballpoint probolinggo" nihil hasil (TIDAK DITEMUKAN).
[2026-05-22 17:07:18 WIB] [INFO] Memulai survei item [4/?]: "Bantalan Stempel (Spesifikasi: Biasa)"
[2026-05-22 17:07:18 WIB] [QUERY] Daftar kata kunci yang dicoba: ["Bantalan Stempel (Spesifikasi: Biasa)","biasa","bantalan stempel biasa","bantalan stempel","bantalan","stempel"]
[2026-05-22 17:07:18 WIB] [INFO] Mencoba query #1: "Bantalan Stempel (Spesifikasi: Biasa) probolinggo"
[2026-05-22 17:07:26 WIB] [ERROR] Query "Bantalan Stempel (Spesifikasi: Biasa) probolinggo" nihil hasil (TIDAK DITEMUKAN).
[2026-05-22 17:07:26 WIB] [INFO] Mencoba query #2: "biasa probolinggo"
[2026-05-22 17:07:35 WIB] [ERROR] Query "biasa probolinggo" nihil hasil (TIDAK DITEMUKAN).
[2026-05-22 17:07:35 WIB] [INFO] Mencoba query #3: "bantalan stempel biasa probolinggo"
[2026-05-22 17:07:46 WIB] [ERROR] Query "bantalan stempel biasa probolinggo" nihil hasil (TIDAK DITEMUKAN).
[2026-05-22 17:07:46 WIB] [INFO] Mencoba query #4: "bantalan stempel probolinggo"
[2026-05-22 17:07:54 WIB] [ERROR] Query "bantalan stempel probolinggo" nihil hasil (TIDAK DITEMUKAN).
[2026-05-22 17:07:54 WIB] [INFO] Mencoba query #5: "bantalan probolinggo"
[2026-05-22 17:07:56 WIB] [ERROR] Query "bantalan probolinggo" nihil hasil (TIDAK DITEMUKAN).
[2026-05-22 17:07:56 WIB] [INFO] Mencoba query #6: "stempel probolinggo"
[2026-05-22 17:08:13 WIB] [ERROR] Query "stempel probolinggo" nihil hasil (TIDAK DITEMUKAN).
[2026-05-22 17:08:15 WIB] [INFO] Memulai survei item [5/?]: "Gunting (Spesifikasi: Besar)"
[2026-05-22 17:08:15 WIB] [QUERY] Daftar kata kunci yang dicoba: ["Gunting (Spesifikasi: Besar)","besar","gunting besar","gunting","gunting gunting"]
[2026-05-22 17:08:15 WIB] [INFO] Mencoba query #1: "Gunting (Spesifikasi: Besar) probolinggo"
[2026-05-22 17:08:18 WIB] [ERROR] Query "Gunting (Spesifikasi: Besar) probolinggo" nihil hasil (TIDAK DITEMUKAN).
[2026-05-22 17:08:18 WIB] [INFO] Mencoba query #2: "besar probolinggo"
[2026-05-22 17:08:23 WIB] [ERROR] Query "besar probolinggo" nihil hasil (TIDAK DITEMUKAN).
[2026-05-22 17:08:23 WIB] [INFO] Mencoba query #3: "gunting besar probolinggo"
[2026-05-22 17:08:27 WIB] [ERROR] Query "gunting besar probolinggo" nihil hasil (TIDAK DITEMUKAN).
[2026-05-22 17:08:27 WIB] [INFO] Mencoba query #4: "gunting probolinggo"
[2026-05-22 17:08:32 WIB] [ERROR] Query "gunting probolinggo" nihil hasil (TIDAK DITEMUKAN).
[2026-05-22 17:08:32 WIB] [INFO] Mencoba query #5: "gunting gunting probolinggo"
[2026-05-22 17:08:46 WIB] [ERROR] Query "gunting gunting probolinggo" nihil hasil (TIDAK DITEMUKAN).
[2026-05-22 17:08:49 WIB] [INFO] Memulai survei item [6/?]: "Isi Staples (Spesifikasi: No. 10-1M)"
[2026-05-22 17:08:49 WIB] [QUERY] Daftar kata kunci yang dicoba: ["Isi Staples (Spesifikasi: No. 10-1M)","no 10 1m","isi staples no 10 1m","isi steples no 10 1m","isi penjepit kertas no 10 1m","isi stapler no 10 1m","isi staples","isi steples","isi penjepit kertas","isi stapler","isi","staples","steples","penjepit kertas","stapler"]
[2026-05-22 17:08:49 WIB] [INFO] Mencoba query #1: "Isi Staples (Spesifikasi: No. 10-1M) probolinggo"
[2026-05-22 17:08:57 WIB] [ERROR] Query "Isi Staples (Spesifikasi: No. 10-1M) probolinggo" nihil hasil (TIDAK DITEMUKAN).
[2026-05-22 17:08:57 WIB] [INFO] Mencoba query #2: "no 10 1m probolinggo"
[2026-05-22 17:09:03 WIB] [ERROR] Query "no 10 1m probolinggo" nihil hasil (TIDAK DITEMUKAN).
[2026-05-22 17:09:03 WIB] [INFO] Mencoba query #3: "isi staples no 10 1m probolinggo"
[2026-05-22 17:12:45 WIB] [INFO] Memulai survei item [1/?]: "Alas Triplek"
[2026-05-22 17:12:45 WIB] [QUERY] Daftar kata kunci yang dicoba: ["Alas Triplek","alas triplek","alas","triplek"]
[2026-05-22 17:12:45 WIB] [INFO] Mencoba query #1: "Alas Triplek"
[2026-05-22 17:12:51 WIB] [ERROR] Query "Alas Triplek" nihil hasil (TIDAK DITEMUKAN).
[2026-05-22 17:12:51 WIB] [INFO] Mencoba query #2: "alas triplek"
[2026-05-22 17:13:12 WIB] [ERROR] Query "alas triplek" nihil hasil (TIDAK DITEMUKAN).
[2026-05-22 17:13:12 WIB] [INFO] Mencoba query #3: "alas"
[2026-05-22 17:13:30 WIB] [ERROR] Query "alas" nihil hasil (TIDAK DITEMUKAN).
[2026-05-22 17:13:30 WIB] [INFO] Mencoba query #4: "triplek"
[2026-05-22 17:13:37 WIB] [ERROR] Query "triplek" nihil hasil (TIDAK DITEMUKAN).
[2026-05-22 17:13:43 WIB] [INFO] Memulai survei item [2/?]: "Ballpoint / Ballpen / Pena (Spesifikasi: Ballpoint Baliner)"
[2026-05-22 17:13:43 WIB] [QUERY] Daftar kata kunci yang dicoba: ["Ballpoint / Ballpen / Pena (Spesifikasi: Ballpoint Baliner)","ballpoint baliner","pulpen baliner","pen baliner","ballpen ballpoint baliner","ballpen pulpen baliner","ballpen pen baliner","ballpulpen ballpoint baliner","ballballpoint ballpoint baliner","pena ballpoint baliner","pena pulpen baliner","pena pen baliner","pulpena ballpoint baliner","ballpointa ballpoint baliner","ballpoint","pulpen","pen","ballpen","ballpulpen","ballballpoint","pena","pulpena","ballpointa","ballpoint ballpoint","pulpen ballpoint","pen ballpoint"]
[2026-05-22 17:13:43 WIB] [INFO] Mencoba query #1: "Ballpoint / Ballpen / Pena (Spesifikasi: Ballpoint Baliner)"
[2026-05-22 17:13:53 WIB] [ERROR] Query "Ballpoint / Ballpen / Pena (Spesifikasi: Ballpoint Baliner)" nihil hasil (TIDAK DITEMUKAN).
[2026-05-22 17:13:53 WIB] [INFO] Mencoba query #2: "ballpoint baliner"
[2026-05-22 17:14:04 WIB] [ERROR] Query "ballpoint baliner" nihil hasil (TIDAK DITEMUKAN).
[2026-05-22 17:14:04 WIB] [INFO] Mencoba query #3: "pulpen baliner"
[2026-05-22 17:14:22 WIB] [ERROR] Query "pulpen baliner" nihil hasil (TIDAK DITEMUKAN).
[2026-05-22 17:14:22 WIB] [INFO] Mencoba query #4: "pen baliner"
[2026-05-22 17:14:36 WIB] [ERROR] Query "pen baliner" nihil hasil (TIDAK DITEMUKAN).
[2026-05-22 17:14:36 WIB] [INFO] Mencoba query #5: "ballpen ballpoint baliner"
[2026-05-22 17:14:54 WIB] [ERROR] Query "ballpen ballpoint baliner" nihil hasil (TIDAK DITEMUKAN).
[2026-05-22 17:14:54 WIB] [INFO] Mencoba query #6: "ballpen pulpen baliner"
[2026-05-22 17:15:05 WIB] [ERROR] Query "ballpen pulpen baliner" nihil hasil (TIDAK DITEMUKAN).
[2026-05-22 17:15:05 WIB] [INFO] Mencoba query #7: "ballpen pen baliner"
[2026-05-22 17:15:06 WIB] [INFO] Memulai survei item [1/?]: "Alas Triplek"
[2026-05-22 17:15:06 WIB] [QUERY] Daftar kata kunci yang dicoba: ["Alas Triplek","alas triplek","alas","triplek"]
[2026-05-22 17:15:06 WIB] [INFO] Mencoba query #1: "Alas Triplek"
[2026-05-22 17:15:15 WIB] [ERROR] Query "Alas Triplek" nihil hasil (TIDAK DITEMUKAN).
[2026-05-22 17:15:15 WIB] [INFO] Mencoba query #2: "alas triplek"
[2026-05-22 17:15:17 WIB] [ERROR] Query "ballpen pen baliner" nihil hasil (TIDAK DITEMUKAN).
[2026-05-22 17:15:17 WIB] [INFO] Mencoba query #8: "ballpulpen ballpoint baliner"
[2026-05-22 17:15:33 WIB] [ERROR] Query "alas triplek" nihil hasil (TIDAK DITEMUKAN).
[2026-05-22 17:15:33 WIB] [INFO] Mencoba query #3: "alas"
[2026-05-22 17:15:34 WIB] [ERROR] Query "ballpulpen ballpoint baliner" nihil hasil (TIDAK DITEMUKAN).
[2026-05-22 17:15:34 WIB] [INFO] Mencoba query #9: "ballballpoint ballpoint baliner"
[2026-05-22 17:15:41 WIB] [ERROR] Query "alas" nihil hasil (TIDAK DITEMUKAN).
[2026-05-22 17:15:41 WIB] [INFO] Mencoba query #4: "triplek"
[2026-05-22 17:15:47 WIB] [ERROR] Query "triplek" nihil hasil (TIDAK DITEMUKAN).
[2026-05-22 17:15:47 WIB] [ERROR] Query "ballballpoint ballpoint baliner" nihil hasil (TIDAK DITEMUKAN).
[2026-05-22 17:15:47 WIB] [INFO] Mencoba query #10: "pena ballpoint baliner"
[2026-05-22 17:15:49 WIB] [INFO] Memulai survei item [2/?]: "Ballpoint / Ballpen / Pena (Spesifikasi: Ballpoint Baliner)"
[2026-05-22 17:15:49 WIB] [QUERY] Daftar kata kunci yang dicoba: ["Ballpoint / Ballpen / Pena (Spesifikasi: Ballpoint Baliner)","ballpoint baliner","pulpen baliner","pen baliner","ballpen ballpoint baliner","ballpen pulpen baliner","ballpen pen baliner","ballpulpen ballpoint baliner","ballballpoint ballpoint baliner","pena ballpoint baliner","pena pulpen baliner","pena pen baliner","pulpena ballpoint baliner","ballpointa ballpoint baliner","ballpoint","pulpen","pen","ballpen","ballpulpen","ballballpoint","pena","pulpena","ballpointa","ballpoint ballpoint","pulpen ballpoint","pen ballpoint"]
[2026-05-22 17:15:49 WIB] [INFO] Mencoba query #1: "Ballpoint / Ballpen / Pena (Spesifikasi: Ballpoint Baliner)"
[2026-05-22 17:16:04 WIB] [ERROR] Query "pena ballpoint baliner" nihil hasil (TIDAK DITEMUKAN).
[2026-05-22 17:16:04 WIB] [INFO] Mencoba query #11: "pena pulpen baliner"
[2026-05-22 17:16:09 WIB] [ERROR] Query "Ballpoint / Ballpen / Pena (Spesifikasi: Ballpoint Baliner)" nihil hasil (TIDAK DITEMUKAN).
[2026-05-22 17:16:09 WIB] [INFO] Mencoba query #2: "ballpoint baliner"
[2026-05-22 17:16:19 WIB] [ERROR] Query "pena pulpen baliner" nihil hasil (TIDAK DITEMUKAN).
[2026-05-22 17:16:19 WIB] [INFO] Mencoba query #12: "pena pen baliner"
[2026-05-22 17:16:20 WIB] [ERROR] Query "ballpoint baliner" nihil hasil (TIDAK DITEMUKAN).
[2026-05-22 17:16:20 WIB] [INFO] Mencoba query #3: "pulpen baliner"
[2026-05-22 17:16:32 WIB] [ERROR] Query "pulpen baliner" nihil hasil (TIDAK DITEMUKAN).
[2026-05-22 17:16:32 WIB] [INFO] Mencoba query #4: "pen baliner"
[2026-05-22 17:16:34 WIB] [ERROR] Query "pena pen baliner" nihil hasil (TIDAK DITEMUKAN).
[2026-05-22 17:16:34 WIB] [INFO] Mencoba query #13: "pulpena ballpoint baliner"
[2026-05-22 17:16:43 WIB] [ERROR] Query "pen baliner" nihil hasil (TIDAK DITEMUKAN).
[2026-05-22 17:16:43 WIB] [INFO] Mencoba query #5: "ballpen ballpoint baliner"
[2026-05-22 17:16:48 WIB] [ERROR] Query "pulpena ballpoint baliner" nihil hasil (TIDAK DITEMUKAN).
[2026-05-22 17:16:48 WIB] [INFO] Mencoba query #14: "ballpointa ballpoint baliner"
[2026-05-22 17:16:52 WIB] [ERROR] Query "ballpen ballpoint baliner" nihil hasil (TIDAK DITEMUKAN).
[2026-05-22 17:16:52 WIB] [INFO] Mencoba query #6: "ballpen pulpen baliner"
[2026-05-22 17:17:02 WIB] [ERROR] Query "ballpointa ballpoint baliner" nihil hasil (TIDAK DITEMUKAN).
[2026-05-22 17:17:02 WIB] [INFO] Mencoba query #15: "ballpoint"
[2026-05-22 17:17:03 WIB] [ERROR] Query "ballpen pulpen baliner" nihil hasil (TIDAK DITEMUKAN).
[2026-05-22 17:17:03 WIB] [INFO] Mencoba query #7: "ballpen pen baliner"
[2026-05-22 17:17:14 WIB] [ERROR] Query "ballpoint" nihil hasil (TIDAK DITEMUKAN).
[2026-05-22 17:17:14 WIB] [INFO] Mencoba query #16: "pulpen"
[2026-05-22 17:17:17 WIB] [ERROR] Query "ballpen pen baliner" nihil hasil (TIDAK DITEMUKAN).
[2026-05-22 17:17:17 WIB] [INFO] Mencoba query #8: "ballpulpen ballpoint baliner"
[2026-05-22 17:17:28 WIB] [ERROR] Query "ballpulpen ballpoint baliner" nihil hasil (TIDAK DITEMUKAN).
[2026-05-22 17:17:28 WIB] [INFO] Mencoba query #9: "ballballpoint ballpoint baliner"
[2026-05-22 17:17:29 WIB] [ERROR] Query "pulpen" nihil hasil (TIDAK DITEMUKAN).
[2026-05-22 17:17:29 WIB] [INFO] Mencoba query #17: "pen"
[2026-05-22 17:17:39 WIB] [ERROR] Query "ballballpoint ballpoint baliner" nihil hasil (TIDAK DITEMUKAN).
[2026-05-22 17:17:39 WIB] [INFO] Mencoba query #10: "pena ballpoint baliner"
[2026-05-22 17:17:43 WIB] [ERROR] Query "pen" nihil hasil (TIDAK DITEMUKAN).
[2026-05-22 17:17:43 WIB] [INFO] Mencoba query #18: "ballpen"
[2026-05-22 17:17:48 WIB] [ERROR] Query "pena ballpoint baliner" nihil hasil (TIDAK DITEMUKAN).
[2026-05-22 17:17:48 WIB] [INFO] Mencoba query #11: "pena pulpen baliner"
[2026-05-22 17:17:52 WIB] [ERROR] Query "ballpen" nihil hasil (TIDAK DITEMUKAN).
[2026-05-22 17:17:52 WIB] [INFO] Mencoba query #19: "ballpulpen"
[2026-05-22 17:17:59 WIB] [ERROR] Query "pena pulpen baliner" nihil hasil (TIDAK DITEMUKAN).
[2026-05-22 17:17:59 WIB] [INFO] Mencoba query #12: "pena pen baliner"
[2026-05-22 17:18:12 WIB] [ERROR] Query "ballpulpen" nihil hasil (TIDAK DITEMUKAN).
[2026-05-22 17:18:12 WIB] [INFO] Mencoba query #20: "ballballpoint"
[2026-05-22 17:18:27 WIB] [ERROR] Query "pena pen baliner" nihil hasil (TIDAK DITEMUKAN).
[2026-05-22 17:18:27 WIB] [INFO] Mencoba query #13: "pulpena ballpoint baliner"
[2026-05-22 17:18:35 WIB] [ERROR] Query "ballballpoint" nihil hasil (TIDAK DITEMUKAN).
[2026-05-22 17:18:35 WIB] [INFO] Mencoba query #21: "pena"
[2026-05-22 17:18:49 WIB] [ERROR] Query "pulpena ballpoint baliner" nihil hasil (TIDAK DITEMUKAN).
[2026-05-22 17:18:49 WIB] [INFO] Mencoba query #14: "ballpointa ballpoint baliner"
[2026-05-22 17:18:54 WIB] [ERROR] Query "pena" nihil hasil (TIDAK DITEMUKAN).
[2026-05-22 17:18:54 WIB] [INFO] Mencoba query #22: "pulpena"
[2026-05-22 17:19:19 WIB] [ERROR] Query "ballpointa ballpoint baliner" nihil hasil (TIDAK DITEMUKAN).
[2026-05-22 17:19:19 WIB] [INFO] Mencoba query #15: "ballpoint"
[2026-05-22 17:19:49 WIB] [ERROR] Query "pulpena" nihil hasil (TIDAK DITEMUKAN).
[2026-05-22 17:19:49 WIB] [INFO] Mencoba query #23: "ballpointa"
[2026-05-22 17:19:55 WIB] [ERROR] Query "ballpoint" nihil hasil (TIDAK DITEMUKAN).
[2026-05-22 17:19:55 WIB] [INFO] Mencoba query #16: "pulpen"
[2026-05-22 17:20:17 WIB] [ERROR] Query "pulpen" nihil hasil (TIDAK DITEMUKAN).
[2026-05-22 17:20:17 WIB] [INFO] Mencoba query #17: "pen"
[2026-05-22 17:20:49 WIB] [ERROR] Query "ballpointa" nihil hasil (TIDAK DITEMUKAN).
[2026-05-22 17:20:49 WIB] [INFO] Mencoba query #24: "ballpoint ballpoint"
[2026-05-22 17:20:53 WIB] [ERROR] Query "pen" nihil hasil (TIDAK DITEMUKAN).
[2026-05-22 17:20:53 WIB] [INFO] Mencoba query #18: "ballpen"
[2026-05-22 17:23:18 WIB] [INFO] Memulai survei item [1/?]: "Alas Triplek"
[2026-05-22 17:23:18 WIB] [QUERY] Daftar kata kunci yang dicoba: ["Alas Triplek","alas triplek","alas","triplek"]
[2026-05-22 17:23:18 WIB] [INFO] Mencoba query #1: "Alas Triplek"
[2026-05-22 17:23:26 WIB] [ERROR] Query "Alas Triplek" nihil hasil (TIDAK DITEMUKAN).
[2026-05-22 17:23:26 WIB] [INFO] Mencoba query #2: "alas triplek"
[2026-05-22 17:23:32 WIB] [ERROR] Query "alas triplek" nihil hasil (TIDAK DITEMUKAN).
[2026-05-22 17:23:32 WIB] [INFO] Mencoba query #3: "alas"
[2026-05-22 17:23:36 WIB] [ERROR] Query "alas" nihil hasil (TIDAK DITEMUKAN).
[2026-05-22 17:23:36 WIB] [INFO] Mencoba query #4: "triplek"
[2026-05-22 17:23:43 WIB] [ERROR] Query "triplek" nihil hasil (TIDAK DITEMUKAN).
[2026-05-22 17:23:45 WIB] [INFO] Memulai survei item [2/?]: "Ballpoint / Ballpen / Pena (Spesifikasi: Ballpoint Baliner)"
[2026-05-22 17:23:45 WIB] [QUERY] Daftar kata kunci yang dicoba: ["Ballpoint / Ballpen / Pena (Spesifikasi: Ballpoint Baliner)","ballpoint baliner","pulpen baliner","pen baliner","ballpen ballpoint baliner","ballpen pulpen baliner"]
[2026-05-22 17:23:45 WIB] [INFO] Mencoba query #1: "Ballpoint / Ballpen / Pena (Spesifikasi: Ballpoint Baliner)"
[2026-05-22 17:23:51 WIB] [ERROR] Query "Ballpoint / Ballpen / Pena (Spesifikasi: Ballpoint Baliner)" nihil hasil (TIDAK DITEMUKAN).
[2026-05-22 17:23:51 WIB] [INFO] Mencoba query #2: "ballpoint baliner"
[2026-05-22 17:23:53 WIB] [INFO] Ditemukan 6 kandidat e-Katalog untuk query "ballpoint baliner"
[2026-05-22 17:23:53 WIB] [RESULT] Kandidat terbaik terpilih: "Ballpoint Baliner" (Rp 299.700) dari vendor OLIVIA HUSEIN dengan skor 0.541
[2026-05-22 17:23:59 WIB] [INFO] Memulai survei item [3/?]: "Ballpoint / Ballpen / Pena (Spesifikasi: Biasa, R6 Isi 12 Buah)"
[2026-05-22 17:23:59 WIB] [QUERY] Daftar kata kunci yang dicoba: ["Ballpoint / Ballpen / Pena (Spesifikasi: Biasa, R6 Isi 12 Buah)","biasa r6 isi 12","ballpoint biasa r6 isi 12","pulpen biasa r6 isi 12","pen biasa r6 isi 12","ballpen biasa r6 isi 12"]
[2026-05-22 17:23:59 WIB] [INFO] Mencoba query #1: "Ballpoint / Ballpen / Pena (Spesifikasi: Biasa, R6 Isi 12 Buah)"
[2026-05-22 17:24:03 WIB] [ERROR] Query "Ballpoint / Ballpen / Pena (Spesifikasi: Biasa, R6 Isi 12 Buah)" nihil hasil (TIDAK DITEMUKAN).
[2026-05-22 17:24:03 WIB] [INFO] Mencoba query #2: "biasa r6 isi 12"
[2026-05-22 17:24:06 WIB] [ERROR] Query "biasa r6 isi 12" nihil hasil (TIDAK DITEMUKAN).
[2026-05-22 17:24:06 WIB] [INFO] Mencoba query #3: "ballpoint biasa r6 isi 12"
[2026-05-22 17:24:15 WIB] [ERROR] Query "ballpoint biasa r6 isi 12" nihil hasil (TIDAK DITEMUKAN).
[2026-05-22 17:24:15 WIB] [INFO] Mencoba query #4: "pulpen biasa r6 isi 12"
[2026-05-22 17:24:19 WIB] [ERROR] Query "pulpen biasa r6 isi 12" nihil hasil (TIDAK DITEMUKAN).
[2026-05-22 17:24:19 WIB] [INFO] Mencoba query #5: "pen biasa r6 isi 12"
[2026-05-22 17:24:24 WIB] [ERROR] Query "pen biasa r6 isi 12" nihil hasil (TIDAK DITEMUKAN).
[2026-05-22 17:24:24 WIB] [INFO] Mencoba query #6: "ballpen biasa r6 isi 12"
[2026-05-22 17:24:27 WIB] [ERROR] Query "ballpen biasa r6 isi 12" nihil hasil (TIDAK DITEMUKAN).
[2026-05-22 17:24:29 WIB] [INFO] Memulai survei item [4/?]: "Bantalan Stempel (Spesifikasi: Biasa)"
[2026-05-22 17:24:29 WIB] [QUERY] Daftar kata kunci yang dicoba: ["Bantalan Stempel (Spesifikasi: Biasa)","biasa","bantalan stempel biasa","bantalan stempel","bantalan","stempel"]
[2026-05-22 17:24:29 WIB] [INFO] Mencoba query #1: "Bantalan Stempel (Spesifikasi: Biasa)"
[2026-05-22 17:24:32 WIB] [ERROR] Query "Bantalan Stempel (Spesifikasi: Biasa)" nihil hasil (TIDAK DITEMUKAN).
[2026-05-22 17:24:32 WIB] [INFO] Mencoba query #2: "biasa"
[2026-05-22 17:24:35 WIB] [INFO] Ditemukan 15 kandidat e-Katalog untuk query "biasa"
[2026-05-22 17:24:36 WIB] [ERROR] Kandidat terbaik ditolak karena skor terlalu rendah (0.223 < 0.35). Produk: "Penjilidan biasa"
[2026-05-22 17:24:41 WIB] [INFO] Memulai survei item [5/?]: "Gunting (Spesifikasi: Besar)"
[2026-05-22 17:24:41 WIB] [QUERY] Daftar kata kunci yang dicoba: ["Gunting (Spesifikasi: Besar)","besar","gunting besar","gunting","gunting gunting"]
[2026-05-22 17:24:41 WIB] [INFO] Mencoba query #1: "Gunting (Spesifikasi: Besar)"
[2026-05-22 17:24:46 WIB] [ERROR] Query "Gunting (Spesifikasi: Besar)" nihil hasil (TIDAK DITEMUKAN).
[2026-05-22 17:24:46 WIB] [INFO] Mencoba query #2: "besar"
[2026-05-22 17:24:52 WIB] [ERROR] Query "besar" nihil hasil (TIDAK DITEMUKAN).
[2026-05-22 17:24:52 WIB] [INFO] Mencoba query #3: "gunting besar"
[2026-05-22 17:24:58 WIB] [ERROR] Query "gunting besar" nihil hasil (TIDAK DITEMUKAN).
[2026-05-22 17:24:58 WIB] [INFO] Mencoba query #4: "gunting"
[2026-05-22 17:25:01 WIB] [INFO] Ditemukan 15 kandidat e-Katalog untuk query "gunting"
[2026-05-22 17:25:02 WIB] [ERROR] Kandidat terbaik ditolak karena skor terlalu rendah (0.327 < 0.35). Produk: "Gunting K500"
[2026-05-22 17:25:08 WIB] [INFO] Memulai survei item [6/?]: "Isi Staples (Spesifikasi: No. 10-1M)"
[2026-05-22 17:25:08 WIB] [QUERY] Daftar kata kunci yang dicoba: ["Isi Staples (Spesifikasi: No. 10-1M)","no 10 1m","isi staples no 10 1m","isi steples no 10 1m","isi penjepit kertas no 10 1m","isi stapler no 10 1m"]
[2026-05-22 17:25:08 WIB] [INFO] Mencoba query #1: "Isi Staples (Spesifikasi: No. 10-1M)"
[2026-05-22 17:25:10 WIB] [ERROR] Query "Isi Staples (Spesifikasi: No. 10-1M)" nihil hasil (TIDAK DITEMUKAN).
[2026-05-22 17:25:10 WIB] [INFO] Mencoba query #2: "no 10 1m"
[2026-05-22 17:25:14 WIB] [ERROR] Query "no 10 1m" nihil hasil (TIDAK DITEMUKAN).
[2026-05-22 17:25:14 WIB] [INFO] Mencoba query #3: "isi staples no 10 1m"
[2026-05-22 17:25:16 WIB] [ERROR] Query "isi staples no 10 1m" nihil hasil (TIDAK DITEMUKAN).
[2026-05-22 17:25:16 WIB] [INFO] Mencoba query #4: "isi steples no 10 1m"
[2026-05-22 17:25:22 WIB] [ERROR] Query "isi steples no 10 1m" nihil hasil (TIDAK DITEMUKAN).
[2026-05-22 17:25:22 WIB] [INFO] Mencoba query #5: "isi penjepit kertas no 10 1m"
[2026-05-22 17:25:25 WIB] [ERROR] Query "isi penjepit kertas no 10 1m" nihil hasil (TIDAK DITEMUKAN).
[2026-05-22 17:25:25 WIB] [INFO] Mencoba query #6: "isi stapler no 10 1m"
[2026-05-22 17:25:28 WIB] [ERROR] Query "isi stapler no 10 1m" nihil hasil (TIDAK DITEMUKAN).
[2026-05-22 17:25:30 WIB] [INFO] Memulai survei item [7/?]: "Isolasi Lakban (Spesifikasi: Hitam, Uk 46 mm x 12 m)"
[2026-05-22 17:25:30 WIB] [QUERY] Daftar kata kunci yang dicoba: ["Isolasi Lakban (Spesifikasi: Hitam, Uk 46 mm x 12 m)","hitam uk 46 mm x 12 m","isolasi lakban hitam uk 46 mm x 12 m","isolasi lakban","isolasi","lakban"]
[2026-05-22 17:25:30 WIB] [INFO] Mencoba query #1: "Isolasi Lakban (Spesifikasi: Hitam, Uk 46 mm x 12 m)"
[2026-05-22 17:25:33 WIB] [ERROR] Query "Isolasi Lakban (Spesifikasi: Hitam, Uk 46 mm x 12 m)" nihil hasil (TIDAK DITEMUKAN).
[2026-05-22 17:25:33 WIB] [INFO] Mencoba query #2: "hitam uk 46 mm x 12 m"
[2026-05-22 17:25:36 WIB] [ERROR] Query "hitam uk 46 mm x 12 m" nihil hasil (TIDAK DITEMUKAN).
[2026-05-22 17:25:36 WIB] [INFO] Mencoba query #3: "isolasi lakban hitam uk 46 mm x 12 m"
[2026-05-22 17:25:39 WIB] [ERROR] Query "isolasi lakban hitam uk 46 mm x 12 m" nihil hasil (TIDAK DITEMUKAN).
[2026-05-22 17:25:39 WIB] [INFO] Mencoba query #4: "isolasi lakban"
[2026-05-22 17:25:42 WIB] [INFO] Ditemukan 15 kandidat e-Katalog untuk query "isolasi lakban"
[2026-05-22 17:25:42 WIB] [ERROR] Kandidat terbaik ditolak karena skor terlalu rendah (0.212 < 0.35). Produk: "ISOLASI LAKBAN"
[2026-05-22 17:25:47 WIB] [INFO] Memulai survei item [8/?]: "Lem (Spesifikasi: 20 Ml)"
[2026-05-22 17:25:47 WIB] [QUERY] Daftar kata kunci yang dicoba: ["Lem (Spesifikasi: 20 Ml)","20 ml","lem 20 ml","lem","lem lem"]
[2026-05-22 17:25:47 WIB] [INFO] Mencoba query #1: "Lem (Spesifikasi: 20 Ml)"
[2026-05-22 17:25:50 WIB] [ERROR] Query "Lem (Spesifikasi: 20 Ml)" nihil hasil (TIDAK DITEMUKAN).
[2026-05-22 17:25:50 WIB] [INFO] Mencoba query #2: "20 ml"
[2026-05-22 17:25:56 WIB] [ERROR] Query "20 ml" nihil hasil (TIDAK DITEMUKAN).
[2026-05-22 17:25:56 WIB] [INFO] Mencoba query #3: "lem 20 ml"
[2026-05-22 17:25:58 WIB] [ERROR] Query "lem 20 ml" nihil hasil (TIDAK DITEMUKAN).
[2026-05-22 17:25:58 WIB] [INFO] Mencoba query #4: "lem"
[2026-05-22 17:26:00 WIB] [ERROR] Query "lem" nihil hasil (TIDAK DITEMUKAN).
[2026-05-22 17:26:00 WIB] [INFO] Mencoba query #5: "lem lem"
[2026-05-22 17:26:03 WIB] [ERROR] Query "lem lem" nihil hasil (TIDAK DITEMUKAN).
[2026-05-22 17:26:05 WIB] [INFO] Memulai survei item [9/?]: "Map Dinas (Spesifikasi: Ukuran F4)"
[2026-05-22 17:26:05 WIB] [QUERY] Daftar kata kunci yang dicoba: ["Map Dinas (Spesifikasi: Ukuran F4)","map dinas f4","map dinas","map","dinas"]
[2026-05-22 17:26:05 WIB] [INFO] Mencoba query #1: "Map Dinas (Spesifikasi: Ukuran F4)"
[2026-05-22 17:26:11 WIB] [ERROR] Query "Map Dinas (Spesifikasi: Ukuran F4)" nihil hasil (TIDAK DITEMUKAN).
[2026-05-22 17:26:11 WIB] [INFO] Mencoba query #2: "map dinas f4"
[2026-05-22 17:26:17 WIB] [ERROR] Query "map dinas f4" nihil hasil (TIDAK DITEMUKAN).
[2026-05-22 17:26:17 WIB] [INFO] Mencoba query #3: "map dinas"
[2026-05-22 17:26:24 WIB] [ERROR] Query "map dinas" nihil hasil (TIDAK DITEMUKAN).
[2026-05-22 17:26:24 WIB] [INFO] Mencoba query #4: "map"
[2026-05-22 17:26:30 WIB] [ERROR] Query "map" nihil hasil (TIDAK DITEMUKAN).
[2026-05-22 17:26:30 WIB] [INFO] Mencoba query #5: "dinas"
[2026-05-22 17:26:34 WIB] [INFO] Ditemukan 15 kandidat e-Katalog untuk query "dinas"
[2026-05-22 17:26:34 WIB] [RESULT] Kandidat terbaik terpilih: "Map Dinas" (Rp 3.330) dari vendor MARI NURAHMAN KUSUMA WARDANA dengan skor 0.444
[2026-05-22 17:26:39 WIB] [INFO] Memulai survei item [10/?]: "Snelhecter Map (Spesifikasi: 5001, Isi 50 Buah)"
[2026-05-22 17:26:39 WIB] [QUERY] Daftar kata kunci yang dicoba: ["Snelhecter Map (Spesifikasi: 5001, Isi 50 Buah)","5001 isi 50","snelhecter map 5001 isi 50","snelhecter map","snelhecter","map"]
[2026-05-22 17:26:39 WIB] [INFO] Mencoba query #1: "Snelhecter Map (Spesifikasi: 5001, Isi 50 Buah)"
[2026-05-22 17:26:49 WIB] [ERROR] Query "Snelhecter Map (Spesifikasi: 5001, Isi 50 Buah)" nihil hasil (TIDAK DITEMUKAN).
[2026-05-22 17:26:49 WIB] [INFO] Mencoba query #2: "5001 isi 50"
[2026-05-22 17:27:02 WIB] [ERROR] Query "5001 isi 50" nihil hasil (TIDAK DITEMUKAN).
[2026-05-22 17:27:02 WIB] [INFO] Mencoba query #3: "snelhecter map 5001 isi 50"
[2026-05-22 17:27:09 WIB] [ERROR] Query "snelhecter map 5001 isi 50" nihil hasil (TIDAK DITEMUKAN).
[2026-05-22 17:27:09 WIB] [INFO] Mencoba query #4: "snelhecter map"
[2026-05-22 17:27:23 WIB] [ERROR] Query "snelhecter map" nihil hasil (TIDAK DITEMUKAN).
[2026-05-22 17:27:23 WIB] [INFO] Mencoba query #5: "snelhecter"
[2026-05-22 17:27:25 WIB] [INFO] Ditemukan 4 kandidat e-Katalog untuk query "snelhecter"
[2026-05-22 17:27:25 WIB] [ERROR] Kandidat terbaik ditolak karena skor terlalu rendah (0.157 < 0.35). Produk: "MAP PLASTIK SNELHECTER"
[2026-05-22 17:27:30 WIB] [INFO] Memulai survei item [11/?]: "Spidol (Spesifikasi: Besar)"
[2026-05-22 17:27:30 WIB] [QUERY] Daftar kata kunci yang dicoba: ["Spidol (Spesifikasi: Besar)","besar","spidol besar","marker besar","pena besar","highlighter besar"]
[2026-05-22 17:27:30 WIB] [INFO] Mencoba query #1: "Spidol (Spesifikasi: Besar)"
[2026-05-22 17:27:36 WIB] [ERROR] Query "Spidol (Spesifikasi: Besar)" nihil hasil (TIDAK DITEMUKAN).
[2026-05-22 17:27:36 WIB] [INFO] Mencoba query #2: "besar"
[2026-05-22 17:27:38 WIB] [INFO] Ditemukan 15 kandidat e-Katalog untuk query "besar"
[2026-05-22 17:27:39 WIB] [ERROR] Kandidat terbaik ditolak karena skor terlalu rendah (0.299 < 0.35). Produk: "Baterai besar"
[2026-05-22 17:29:39 WIB] [INFO] Memulai survei item [12/?]: "Stapler/Hechmachine (Spesifikasi: Kecil)"
[2026-05-22 17:29:39 WIB] [QUERY] Daftar kata kunci yang dicoba: ["Stapler/Hechmachine (Spesifikasi: Kecil)","kecil","stapler kecil","hechmachine kecil","stapler","hechmachine"]
[2026-05-22 17:29:39 WIB] [INFO] Mencoba query #1: "Stapler/Hechmachine (Spesifikasi: Kecil)"
[2026-05-22 17:30:16 WIB] [INFO] Mencoba query #2: "kecil"
[2026-05-22 17:30:30 WIB] [INFO] Memulai survei item [1/?]: "Alas Triplek"
[2026-05-22 17:30:30 WIB] [QUERY] Daftar kata kunci yang dicoba: ["Alas Triplek","alas triplek","alas","triplek"]
[2026-05-22 17:30:30 WIB] [INFO] Mencoba query #1: "Alas Triplek"
[2026-05-22 17:30:43 WIB] [ERROR] Query "Alas Triplek" nihil hasil (TIDAK DITEMUKAN).
[2026-05-22 17:30:43 WIB] [INFO] Mencoba query #2: "alas triplek"
[2026-05-22 17:30:46 WIB] [ERROR] Query "kecil" nihil hasil (TIDAK DITEMUKAN).
[2026-05-22 17:30:46 WIB] [INFO] Mencoba query #3: "stapler kecil"
[2026-05-22 17:31:07 WIB] [ERROR] Query "alas triplek" nihil hasil (TIDAK DITEMUKAN).
[2026-05-22 17:31:07 WIB] [INFO] Mencoba query #3: "alas"
[2026-05-22 17:31:18 WIB] [ERROR] Query "stapler kecil" nihil hasil (TIDAK DITEMUKAN).
[2026-05-22 17:31:18 WIB] [INFO] Mencoba query #4: "hechmachine kecil"
[2026-05-22 17:31:23 WIB] [ERROR] Query "alas" nihil hasil (TIDAK DITEMUKAN).
[2026-05-22 17:31:23 WIB] [INFO] Mencoba query #4: "triplek"
[2026-05-22 17:31:36 WIB] [ERROR] Query "triplek" nihil hasil (TIDAK DITEMUKAN).
[2026-05-22 17:31:38 WIB] [INFO] Memulai survei item [2/?]: "Ballpoint / Ballpen / Pena (Spesifikasi: Ballpoint Baliner)"
[2026-05-22 17:31:38 WIB] [QUERY] Daftar kata kunci yang dicoba: ["Ballpoint / Ballpen / Pena (Spesifikasi: Ballpoint Baliner)","ballpoint baliner","pulpen baliner","pen baliner","ballpen ballpoint baliner","ballpen pulpen baliner"]
[2026-05-22 17:31:38 WIB] [INFO] Mencoba query #1: "Ballpoint / Ballpen / Pena (Spesifikasi: Ballpoint Baliner)"
[2026-05-22 17:31:46 WIB] [ERROR] Query "hechmachine kecil" nihil hasil (TIDAK DITEMUKAN).
[2026-05-22 17:31:46 WIB] [INFO] Mencoba query #5: "stapler"
[2026-05-22 17:31:50 WIB] [ERROR] Query "Ballpoint / Ballpen / Pena (Spesifikasi: Ballpoint Baliner)" nihil hasil (TIDAK DITEMUKAN).
[2026-05-22 17:31:50 WIB] [INFO] Mencoba query #2: "ballpoint baliner"
[2026-05-22 17:32:11 WIB] [ERROR] Query "ballpoint baliner" nihil hasil (TIDAK DITEMUKAN).
[2026-05-22 17:32:11 WIB] [INFO] Mencoba query #3: "pulpen baliner"
[2026-05-22 17:32:32 WIB] [ERROR] Query "pulpen baliner" nihil hasil (TIDAK DITEMUKAN).
[2026-05-22 17:32:32 WIB] [INFO] Mencoba query #4: "pen baliner"
[2026-05-22 17:33:00 WIB] [ERROR] Query "pen baliner" nihil hasil (TIDAK DITEMUKAN).
[2026-05-22 17:33:00 WIB] [INFO] Mencoba query #5: "ballpen ballpoint baliner"
[2026-05-22 17:33:34 WIB] [ERROR] Query "ballpen ballpoint baliner" nihil hasil (TIDAK DITEMUKAN).
[2026-05-22 17:33:34 WIB] [INFO] Mencoba query #6: "ballpen pulpen baliner"
[2026-05-22 17:34:12 WIB] [ERROR] Query "ballpen pulpen baliner" nihil hasil (TIDAK DITEMUKAN).
[2026-05-22 17:34:17 WIB] [INFO] Memulai survei item [3/?]: "Ballpoint / Ballpen / Pena (Spesifikasi: Biasa, R6 Isi 12 Buah)"
[2026-05-22 17:34:17 WIB] [QUERY] Daftar kata kunci yang dicoba: ["Ballpoint / Ballpen / Pena (Spesifikasi: Biasa, R6 Isi 12 Buah)","biasa r6 isi 12","ballpoint biasa r6 isi 12","pulpen biasa r6 isi 12","pen biasa r6 isi 12","ballpen biasa r6 isi 12"]
[2026-05-22 17:34:17 WIB] [INFO] Mencoba query #1: "Ballpoint / Ballpen / Pena (Spesifikasi: Biasa, R6 Isi 12 Buah)"
[2026-05-22 17:34:20 WIB] [ERROR] Query "stapler" nihil hasil (TIDAK DITEMUKAN).
[2026-05-22 17:34:20 WIB] [INFO] Mencoba query #6: "hechmachine"
[2026-05-22 17:34:27 WIB] [ERROR] Query "Ballpoint / Ballpen / Pena (Spesifikasi: Biasa, R6 Isi 12 Buah)" nihil hasil (TIDAK DITEMUKAN).
[2026-05-22 17:34:27 WIB] [INFO] Mencoba query #2: "biasa r6 isi 12"
[2026-05-22 17:34:35 WIB] [ERROR] Query "biasa r6 isi 12" nihil hasil (TIDAK DITEMUKAN).
[2026-05-22 17:34:35 WIB] [INFO] Mencoba query #3: "ballpoint biasa r6 isi 12"
[2026-05-22 17:34:37 WIB] [ERROR] Query "hechmachine" nihil hasil (TIDAK DITEMUKAN).
[2026-05-22 17:34:39 WIB] [INFO] Memulai survei item [13/?]: "Tinta Stempel (Spesifikasi: 50 Ml)"
[2026-05-22 17:34:39 WIB] [QUERY] Daftar kata kunci yang dicoba: ["Tinta Stempel (Spesifikasi: 50 Ml)","50 ml","tinta stempel 50 ml","tinta stempel","tinta","stempel"]
[2026-05-22 17:34:39 WIB] [INFO] Mencoba query #1: "Tinta Stempel (Spesifikasi: 50 Ml)"
[2026-05-22 17:34:40 WIB] [ERROR] Query "ballpoint biasa r6 isi 12" nihil hasil (TIDAK DITEMUKAN).
[2026-05-22 17:34:40 WIB] [INFO] Mencoba query #4: "pulpen biasa r6 isi 12"
[2026-05-22 17:34:44 WIB] [ERROR] Query "pulpen biasa r6 isi 12" nihil hasil (TIDAK DITEMUKAN).
[2026-05-22 17:34:44 WIB] [INFO] Mencoba query #5: "pen biasa r6 isi 12"
[2026-05-22 17:34:53 WIB] [ERROR] Query "pen biasa r6 isi 12" nihil hasil (TIDAK DITEMUKAN).
[2026-05-22 17:34:53 WIB] [INFO] Mencoba query #6: "ballpen biasa r6 isi 12"
[2026-05-22 17:35:13 WIB] [ERROR] Query "Tinta Stempel (Spesifikasi: 50 Ml)" nihil hasil (TIDAK DITEMUKAN).
[2026-05-22 17:35:13 WIB] [INFO] Mencoba query #2: "50 ml"
[2026-05-22 17:35:15 WIB] [ERROR] Query "ballpen biasa r6 isi 12" nihil hasil (TIDAK DITEMUKAN).
[2026-05-22 17:35:17 WIB] [INFO] Memulai survei item [4/?]: "Bantalan Stempel (Spesifikasi: Biasa)"
[2026-05-22 17:35:17 WIB] [QUERY] Daftar kata kunci yang dicoba: ["Bantalan Stempel (Spesifikasi: Biasa)","biasa","bantalan stempel biasa","bantalan stempel","bantalan","stempel"]
[2026-05-22 17:35:17 WIB] [INFO] Mencoba query #1: "Bantalan Stempel (Spesifikasi: Biasa)"
[2026-05-22 17:35:31 WIB] [ERROR] Query "Bantalan Stempel (Spesifikasi: Biasa)" nihil hasil (TIDAK DITEMUKAN).
[2026-05-22 17:35:31 WIB] [INFO] Mencoba query #2: "biasa"
[2026-05-22 17:35:31 WIB] [ERROR] Query "50 ml" nihil hasil (TIDAK DITEMUKAN).
[2026-05-22 17:35:31 WIB] [INFO] Mencoba query #3: "tinta stempel 50 ml"
[2026-05-22 17:35:34 WIB] [ERROR] Query "biasa" nihil hasil (TIDAK DITEMUKAN).
[2026-05-22 17:35:34 WIB] [INFO] Mencoba query #3: "bantalan stempel biasa"
[2026-05-22 17:35:38 WIB] [ERROR] Query "tinta stempel 50 ml" nihil hasil (TIDAK DITEMUKAN).
[2026-05-22 17:35:38 WIB] [INFO] Mencoba query #4: "tinta stempel"
[2026-05-22 17:35:44 WIB] [ERROR] Query "bantalan stempel biasa" nihil hasil (TIDAK DITEMUKAN).
[2026-05-22 17:35:44 WIB] [INFO] Mencoba query #4: "bantalan stempel"
[2026-05-22 17:36:07 WIB] [ERROR] Query "bantalan stempel" nihil hasil (TIDAK DITEMUKAN).
[2026-05-22 17:36:07 WIB] [INFO] Mencoba query #5: "bantalan"
[2026-05-22 17:40:11 WIB] [INFO] Memulai survei item [1/?]: "Alas Triplek"
[2026-05-22 17:40:11 WIB] [QUERY] Daftar kata kunci yang dicoba: ["Alas Triplek","alas triplek","alas","triplek"]
[2026-05-22 17:40:11 WIB] [INFO] Mencoba query #1: "Alas Triplek"
[2026-05-22 17:40:16 WIB] [ERROR] Query "Alas Triplek" nihil hasil (TIDAK DITEMUKAN).
[2026-05-22 17:40:16 WIB] [INFO] Mencoba query #2: "alas triplek"
[2026-05-22 17:40:26 WIB] [ERROR] Query "alas triplek" nihil hasil (TIDAK DITEMUKAN).
[2026-05-22 17:40:26 WIB] [INFO] Mencoba query #3: "alas"
[2026-05-22 17:40:31 WIB] [ERROR] Query "alas" nihil hasil (TIDAK DITEMUKAN).
[2026-05-22 17:40:31 WIB] [INFO] Mencoba query #4: "triplek"
[2026-05-22 17:40:35 WIB] [ERROR] Query "triplek" nihil hasil (TIDAK DITEMUKAN).
[2026-05-22 17:40:37 WIB] [INFO] Memulai survei item [2/?]: "Ballpoint / Ballpen / Pena (Spesifikasi: Ballpoint Baliner)"
[2026-05-22 17:40:37 WIB] [QUERY] Daftar kata kunci yang dicoba: ["Ballpoint / Ballpen / Pena (Spesifikasi: Ballpoint Baliner)","ballpoint baliner","pulpen baliner","pen baliner","ballpen ballpoint baliner","ballpen pulpen baliner"]
[2026-05-22 17:40:37 WIB] [INFO] Mencoba query #1: "Ballpoint / Ballpen / Pena (Spesifikasi: Ballpoint Baliner)"
[2026-05-22 17:40:46 WIB] [ERROR] Query "Ballpoint / Ballpen / Pena (Spesifikasi: Ballpoint Baliner)" nihil hasil (TIDAK DITEMUKAN).
[2026-05-22 17:40:46 WIB] [INFO] Mencoba query #2: "ballpoint baliner"
[2026-05-22 17:40:59 WIB] [ERROR] Query "ballpoint baliner" nihil hasil (TIDAK DITEMUKAN).
[2026-05-22 17:40:59 WIB] [INFO] Mencoba query #3: "pulpen baliner"
[2026-05-22 17:41:08 WIB] [ERROR] Query "pulpen baliner" nihil hasil (TIDAK DITEMUKAN).
[2026-05-22 17:41:08 WIB] [INFO] Mencoba query #4: "pen baliner"
[2026-05-22 17:41:13 WIB] [ERROR] Query "pen baliner" nihil hasil (TIDAK DITEMUKAN).
[2026-05-22 17:41:13 WIB] [INFO] Mencoba query #5: "ballpen ballpoint baliner"
[2026-05-22 17:41:19 WIB] [ERROR] Query "ballpen ballpoint baliner" nihil hasil (TIDAK DITEMUKAN).
[2026-05-22 17:41:19 WIB] [INFO] Mencoba query #6: "ballpen pulpen baliner"
[2026-05-22 17:41:38 WIB] [ERROR] Query "ballpen pulpen baliner" nihil hasil (TIDAK DITEMUKAN).
[2026-05-22 17:41:39 WIB] [INFO] Memulai survei item [1/?]: "Isi Staples (Spesifikasi: No. 10-1M)"
[2026-05-22 17:41:39 WIB] [QUERY] Daftar kata kunci yang dicoba: ["Isi Staples no 10","isi staples no 10","isi steples no 10","isi penjepit kertas no 10","isi stapler no 10","isi","no 10 1m","isi staples no 10 1m","isi steples no 10 1m","isi penjepit kertas no 10 1m","isi stapler no 10 1m"]
[2026-05-22 17:41:39 WIB] [INFO] Mencoba query #1: "Isi Staples no 10"
[2026-05-22 17:41:40 WIB] [INFO] Memulai survei item [3/?]: "Ballpoint / Ballpen / Pena (Spesifikasi: Biasa, R6 Isi 12 Buah)"
[2026-05-22 17:41:41 WIB] [QUERY] Daftar kata kunci yang dicoba: ["Ballpoint / Ballpen / Pena (Spesifikasi: Biasa, R6 Isi 12 Buah)","biasa r6 isi 12","ballpoint biasa r6 isi 12","pulpen biasa r6 isi 12","pen biasa r6 isi 12","ballpen biasa r6 isi 12"]
[2026-05-22 17:41:41 WIB] [INFO] Mencoba query #1: "Ballpoint / Ballpen / Pena (Spesifikasi: Biasa, R6 Isi 12 Buah)"
[2026-05-22 17:41:53 WIB] [ERROR] Query "Ballpoint / Ballpen / Pena (Spesifikasi: Biasa, R6 Isi 12 Buah)" nihil hasil (TIDAK DITEMUKAN).
[2026-05-22 17:41:53 WIB] [INFO] Mencoba query #2: "biasa r6 isi 12"
[2026-05-22 17:41:53 WIB] [ERROR] Query "Isi Staples no 10" nihil hasil (TIDAK DITEMUKAN).
[2026-05-22 17:41:53 WIB] [INFO] Mencoba query #2: "isi staples no 10"
[2026-05-22 17:42:02 WIB] [ERROR] Query "biasa r6 isi 12" nihil hasil (TIDAK DITEMUKAN).
[2026-05-22 17:42:02 WIB] [INFO] Mencoba query #3: "ballpoint biasa r6 isi 12"
[2026-05-22 17:42:07 WIB] [ERROR] Query "isi staples no 10" nihil hasil (TIDAK DITEMUKAN).
[2026-05-22 17:42:07 WIB] [INFO] Mencoba query #3: "isi steples no 10"
[2026-05-22 17:42:07 WIB] [ERROR] Query "ballpoint biasa r6 isi 12" nihil hasil (TIDAK DITEMUKAN).
[2026-05-22 17:42:07 WIB] [INFO] Mencoba query #4: "pulpen biasa r6 isi 12"
[2026-05-22 17:42:13 WIB] [ERROR] Query "isi steples no 10" nihil hasil (TIDAK DITEMUKAN).
[2026-05-22 17:42:13 WIB] [INFO] Mencoba query #4: "isi penjepit kertas no 10"
[2026-05-22 17:42:14 WIB] [ERROR] Query "pulpen biasa r6 isi 12" nihil hasil (TIDAK DITEMUKAN).
[2026-05-22 17:42:14 WIB] [INFO] Mencoba query #5: "pen biasa r6 isi 12"
[2026-05-22 17:42:21 WIB] [ERROR] Query "isi penjepit kertas no 10" nihil hasil (TIDAK DITEMUKAN).
[2026-05-22 17:42:21 WIB] [INFO] Mencoba query #5: "isi stapler no 10"
[2026-05-22 17:42:22 WIB] [ERROR] Query "pen biasa r6 isi 12" nihil hasil (TIDAK DITEMUKAN).
[2026-05-22 17:42:22 WIB] [INFO] Mencoba query #6: "ballpen biasa r6 isi 12"
[2026-05-22 17:42:26 WIB] [ERROR] Query "isi stapler no 10" nihil hasil (TIDAK DITEMUKAN).
[2026-05-22 17:42:26 WIB] [INFO] Mencoba query #6: "isi"
[2026-05-22 17:42:27 WIB] [ERROR] Query "ballpen biasa r6 isi 12" nihil hasil (TIDAK DITEMUKAN).
[2026-05-22 17:42:29 WIB] [INFO] Memulai survei item [4/?]: "Bantalan Stempel (Spesifikasi: Biasa)"
[2026-05-22 17:42:29 WIB] [QUERY] Daftar kata kunci yang dicoba: ["Bantalan Stempel (Spesifikasi: Biasa)","biasa","bantalan stempel biasa","bantalan stempel","bantalan","stempel"]
[2026-05-22 17:42:29 WIB] [INFO] Mencoba query #1: "Bantalan Stempel (Spesifikasi: Biasa)"
[2026-05-22 17:42:30 WIB] [ERROR] Query "isi" nihil hasil (TIDAK DITEMUKAN).
[2026-05-22 17:42:30 WIB] [INFO] Mencoba query #7: "no 10 1m"
[2026-05-22 17:42:34 WIB] [ERROR] Query "Bantalan Stempel (Spesifikasi: Biasa)" nihil hasil (TIDAK DITEMUKAN).
[2026-05-22 17:42:34 WIB] [INFO] Mencoba query #2: "biasa"
[2026-05-22 17:42:38 WIB] [ERROR] Query "no 10 1m" nihil hasil (TIDAK DITEMUKAN).
[2026-05-22 17:42:38 WIB] [INFO] Mencoba query #8: "isi staples no 10 1m"
[2026-05-22 17:42:43 WIB] [ERROR] Query "biasa" nihil hasil (TIDAK DITEMUKAN).
[2026-05-22 17:42:43 WIB] [INFO] Mencoba query #3: "bantalan stempel biasa"
[2026-05-22 17:42:44 WIB] [ERROR] Query "isi staples no 10 1m" nihil hasil (TIDAK DITEMUKAN).
[2026-05-22 17:42:44 WIB] [INFO] Mencoba query #9: "isi steples no 10 1m"
[2026-05-22 17:42:54 WIB] [ERROR] Query "bantalan stempel biasa" nihil hasil (TIDAK DITEMUKAN).
[2026-05-22 17:42:54 WIB] [INFO] Mencoba query #4: "bantalan stempel"
[2026-05-22 17:42:55 WIB] [ERROR] Query "isi steples no 10 1m" nihil hasil (TIDAK DITEMUKAN).
[2026-05-22 17:42:55 WIB] [INFO] Mencoba query #10: "isi penjepit kertas no 10 1m"
[2026-05-22 17:43:00 WIB] [ERROR] Query "bantalan stempel" nihil hasil (TIDAK DITEMUKAN).
[2026-05-22 17:43:00 WIB] [INFO] Mencoba query #5: "bantalan"
[2026-05-22 17:43:01 WIB] [ERROR] Query "isi penjepit kertas no 10 1m" nihil hasil (TIDAK DITEMUKAN).
[2026-05-22 17:43:01 WIB] [INFO] Mencoba query #11: "isi stapler no 10 1m"
[2026-05-22 17:43:05 WIB] [ERROR] Query "isi stapler no 10 1m" nihil hasil (TIDAK DITEMUKAN).
[2026-05-22 17:43:12 WIB] [ERROR] Query "bantalan" nihil hasil (TIDAK DITEMUKAN).
[2026-05-22 17:43:12 WIB] [INFO] Mencoba query #6: "stempel"
[2026-05-22 17:43:16 WIB] [INFO] Ditemukan 15 kandidat e-Katalog untuk query "stempel"
[2026-05-22 17:43:16 WIB] [RESULT] Kandidat terbaik terpilih: "Bantalan Stempel" (Rp 20.000) dari vendor SULTONI WZA2 dengan skor 0.567
[2026-05-22 17:43:23 WIB] [INFO] Memulai survei item [5/?]: "Gunting (Spesifikasi: Besar)"
[2026-05-22 17:43:23 WIB] [QUERY] Daftar kata kunci yang dicoba: ["Gunting (Spesifikasi: Besar)","besar","gunting besar","gunting","gunting gunting"]
[2026-05-22 17:43:23 WIB] [INFO] Mencoba query #1: "Gunting (Spesifikasi: Besar)"
[2026-05-22 17:43:25 WIB] [ERROR] Query "Gunting (Spesifikasi: Besar)" nihil hasil (TIDAK DITEMUKAN).
[2026-05-22 17:43:25 WIB] [INFO] Mencoba query #2: "besar"
[2026-05-22 17:43:28 WIB] [ERROR] Query "besar" nihil hasil (TIDAK DITEMUKAN).
[2026-05-22 17:43:28 WIB] [INFO] Mencoba query #3: "gunting besar"
[2026-05-22 17:43:33 WIB] [ERROR] Query "gunting besar" nihil hasil (TIDAK DITEMUKAN).
[2026-05-22 17:43:33 WIB] [INFO] Mencoba query #4: "gunting"
[2026-05-22 17:43:36 WIB] [ERROR] Query "gunting" nihil hasil (TIDAK DITEMUKAN).
[2026-05-22 17:43:36 WIB] [INFO] Mencoba query #5: "gunting gunting"
[2026-05-22 17:43:45 WIB] [ERROR] Query "gunting gunting" nihil hasil (TIDAK DITEMUKAN).
[2026-05-22 17:43:47 WIB] [INFO] Memulai survei item [6/?]: "Isi Staples (Spesifikasi: No. 10-1M)"
[2026-05-22 17:43:47 WIB] [QUERY] Daftar kata kunci yang dicoba: ["Isi Staples (Spesifikasi: No. 10-1M)","no 10 1m","isi staples no 10 1m","isi steples no 10 1m","isi penjepit kertas no 10 1m","isi stapler no 10 1m"]
[2026-05-22 17:43:47 WIB] [INFO] Mencoba query #1: "Isi Staples (Spesifikasi: No. 10-1M)"
[2026-05-22 17:43:51 WIB] [ERROR] Query "Isi Staples (Spesifikasi: No. 10-1M)" nihil hasil (TIDAK DITEMUKAN).
[2026-05-22 17:43:51 WIB] [INFO] Mencoba query #2: "no 10 1m"
[2026-05-22 17:43:54 WIB] [INFO] Ditemukan 8 kandidat e-Katalog untuk query "no 10 1m"
[2026-05-22 17:43:54 WIB] [RESULT] Kandidat terbaik terpilih: "ISI STAPLES NO. 10-1M MAX" (Rp 5.550) dari vendor HANNAN dengan skor 1.016
[2026-05-22 17:44:00 WIB] [INFO] Memulai survei item [7/?]: "Isolasi Lakban (Spesifikasi: Hitam, Uk 46 mm x 12 m)"
[2026-05-22 17:44:00 WIB] [QUERY] Daftar kata kunci yang dicoba: ["Isolasi Lakban (Spesifikasi: Hitam, Uk 46 mm x 12 m)","hitam uk 46 mm x 12 m","isolasi lakban hitam uk 46 mm x 12 m","isolasi lakban","isolasi","lakban"]
[2026-05-22 17:44:00 WIB] [INFO] Mencoba query #1: "Isolasi Lakban (Spesifikasi: Hitam, Uk 46 mm x 12 m)"
[2026-05-22 17:44:02 WIB] [ERROR] Query "Isolasi Lakban (Spesifikasi: Hitam, Uk 46 mm x 12 m)" nihil hasil (TIDAK DITEMUKAN).
[2026-05-22 17:44:02 WIB] [INFO] Mencoba query #2: "hitam uk 46 mm x 12 m"
[2026-05-22 17:44:05 WIB] [ERROR] Query "hitam uk 46 mm x 12 m" nihil hasil (TIDAK DITEMUKAN).
[2026-05-22 17:44:05 WIB] [INFO] Mencoba query #3: "isolasi lakban hitam uk 46 mm x 12 m"
[2026-05-22 17:44:07 WIB] [ERROR] Query "isolasi lakban hitam uk 46 mm x 12 m" nihil hasil (TIDAK DITEMUKAN).
[2026-05-22 17:44:07 WIB] [INFO] Mencoba query #4: "isolasi lakban"
[2026-05-22 17:44:10 WIB] [INFO] Ditemukan 15 kandidat e-Katalog untuk query "isolasi lakban"
[2026-05-22 17:44:10 WIB] [ERROR] Kandidat terbaik ditolak karena skor terlalu rendah (0.212 < 0.35). Produk: "ISOLASI LAKBAN"
[2026-05-22 17:44:18 WIB] [INFO] Memulai survei item [8/?]: "Lem (Spesifikasi: 20 Ml)"
[2026-05-22 17:44:18 WIB] [QUERY] Daftar kata kunci yang dicoba: ["Lem (Spesifikasi: 20 Ml)","20 ml","lem 20 ml","lem","lem lem"]
[2026-05-22 17:44:18 WIB] [INFO] Mencoba query #1: "Lem (Spesifikasi: 20 Ml)"
[2026-05-22 17:44:21 WIB] [ERROR] Query "Lem (Spesifikasi: 20 Ml)" nihil hasil (TIDAK DITEMUKAN).
[2026-05-22 17:44:21 WIB] [INFO] Mencoba query #2: "20 ml"
[2026-05-22 17:44:28 WIB] [ERROR] Query "20 ml" nihil hasil (TIDAK DITEMUKAN).
[2026-05-22 17:44:28 WIB] [INFO] Mencoba query #3: "lem 20 ml"
[2026-05-22 17:44:34 WIB] [ERROR] Query "lem 20 ml" nihil hasil (TIDAK DITEMUKAN).
[2026-05-22 17:44:34 WIB] [INFO] Mencoba query #4: "lem"
[2026-05-22 17:44:38 WIB] [ERROR] Query "lem" nihil hasil (TIDAK DITEMUKAN).
[2026-05-22 17:44:38 WIB] [INFO] Mencoba query #5: "lem lem"
[2026-05-22 17:44:42 WIB] [ERROR] Query "lem lem" nihil hasil (TIDAK DITEMUKAN).
[2026-05-22 17:44:44 WIB] [INFO] Memulai survei item [9/?]: "Map Dinas (Spesifikasi: Ukuran F4)"
[2026-05-22 17:44:44 WIB] [QUERY] Daftar kata kunci yang dicoba: ["Map Dinas (Spesifikasi: Ukuran F4)","map dinas f4","map dinas","map","dinas"]
[2026-05-22 17:44:44 WIB] [INFO] Mencoba query #1: "Map Dinas (Spesifikasi: Ukuran F4)"
[2026-05-22 17:44:53 WIB] [ERROR] Query "Map Dinas (Spesifikasi: Ukuran F4)" nihil hasil (TIDAK DITEMUKAN).
[2026-05-22 17:44:53 WIB] [INFO] Mencoba query #2: "map dinas f4"
[2026-05-22 17:44:59 WIB] [ERROR] Query "map dinas f4" nihil hasil (TIDAK DITEMUKAN).
[2026-05-22 17:44:59 WIB] [INFO] Mencoba query #3: "map dinas"
[2026-05-22 17:45:03 WIB] [ERROR] Query "map dinas" nihil hasil (TIDAK DITEMUKAN).
[2026-05-22 17:45:03 WIB] [INFO] Mencoba query #4: "map"
[2026-05-22 17:45:11 WIB] [ERROR] Query "map" nihil hasil (TIDAK DITEMUKAN).
[2026-05-22 17:45:11 WIB] [INFO] Mencoba query #5: "dinas"
[2026-05-22 17:45:17 WIB] [ERROR] Query "dinas" nihil hasil (TIDAK DITEMUKAN).
[2026-05-22 17:45:19 WIB] [INFO] Memulai survei item [10/?]: "Snelhecter Map (Spesifikasi: 5001, Isi 50 Buah)"
[2026-05-22 17:45:19 WIB] [QUERY] Daftar kata kunci yang dicoba: ["Snelhecter Map (Spesifikasi: 5001, Isi 50 Buah)","5001 isi 50","snelhecter map 5001 isi 50","snelhecter map","snelhecter","map"]
[2026-05-22 17:45:19 WIB] [INFO] Mencoba query #1: "Snelhecter Map (Spesifikasi: 5001, Isi 50 Buah)"
[2026-05-22 17:45:32 WIB] [ERROR] Query "Snelhecter Map (Spesifikasi: 5001, Isi 50 Buah)" nihil hasil (TIDAK DITEMUKAN).
[2026-05-22 17:45:32 WIB] [INFO] Mencoba query #2: "5001 isi 50"
[2026-05-22 17:45:45 WIB] [ERROR] Query "5001 isi 50" nihil hasil (TIDAK DITEMUKAN).
[2026-05-22 17:45:45 WIB] [INFO] Mencoba query #3: "snelhecter map 5001 isi 50"
[2026-05-22 17:45:51 WIB] [ERROR] Query "snelhecter map 5001 isi 50" nihil hasil (TIDAK DITEMUKAN).
[2026-05-22 17:45:51 WIB] [INFO] Mencoba query #4: "snelhecter map"
[2026-05-22 17:45:54 WIB] [INFO] Ditemukan 4 kandidat e-Katalog untuk query "snelhecter map"
[2026-05-22 17:45:54 WIB] [ERROR] Kandidat terbaik ditolak karena skor terlalu rendah (0.157 < 0.35). Produk: "MAP PLASTIK SNELHECTER"
[2026-05-22 17:46:02 WIB] [INFO] Memulai survei item [11/?]: "Spidol (Spesifikasi: Besar)"
[2026-05-22 17:46:02 WIB] [QUERY] Daftar kata kunci yang dicoba: ["Spidol (Spesifikasi: Besar)","besar","spidol besar","marker besar","pena besar","highlighter besar"]
[2026-05-22 17:46:02 WIB] [INFO] Mencoba query #1: "Spidol (Spesifikasi: Besar)"
[2026-05-22 17:46:06 WIB] [ERROR] Query "Spidol (Spesifikasi: Besar)" nihil hasil (TIDAK DITEMUKAN).
[2026-05-22 17:46:06 WIB] [INFO] Mencoba query #2: "besar"
[2026-05-22 17:46:12 WIB] [INFO] Ditemukan 15 kandidat e-Katalog untuk query "besar"
[2026-05-22 17:46:12 WIB] [ERROR] Kandidat terbaik ditolak karena skor terlalu rendah (0.299 < 0.35). Produk: "Baterai besar"
[2026-05-22 17:46:36 WIB] [INFO] Memulai survei item [12/?]: "Stapler/Hechmachine (Spesifikasi: Kecil)"
[2026-05-22 17:46:36 WIB] [QUERY] Daftar kata kunci yang dicoba: ["Stapler/Hechmachine (Spesifikasi: Kecil)","kecil","stapler kecil","hechmachine kecil","stapler","hechmachine"]
[2026-05-22 17:46:36 WIB] [INFO] Mencoba query #1: "Stapler/Hechmachine (Spesifikasi: Kecil)"
[2026-05-22 17:46:39 WIB] [ERROR] Query "Stapler/Hechmachine (Spesifikasi: Kecil)" nihil hasil (TIDAK DITEMUKAN).
[2026-05-22 17:46:39 WIB] [INFO] Mencoba query #2: "kecil"
[2026-05-22 17:46:42 WIB] [INFO] Ditemukan 15 kandidat e-Katalog untuk query "kecil"
[2026-05-22 17:46:42 WIB] [ERROR] Kandidat terbaik ditolak karena skor terlalu rendah (0.299 < 0.35). Produk: "Odner Kecil"
[2026-05-22 17:46:47 WIB] [INFO] Memulai survei item [13/?]: "Tinta Stempel (Spesifikasi: 50 Ml)"
[2026-05-22 17:46:47 WIB] [QUERY] Daftar kata kunci yang dicoba: ["Tinta Stempel (Spesifikasi: 50 Ml)","50 ml","tinta stempel 50 ml","tinta stempel","tinta","stempel"]
[2026-05-22 17:46:47 WIB] [INFO] Mencoba query #1: "Tinta Stempel (Spesifikasi: 50 Ml)"
[2026-05-22 17:46:53 WIB] [ERROR] Query "Tinta Stempel (Spesifikasi: 50 Ml)" nihil hasil (TIDAK DITEMUKAN).
[2026-05-22 17:46:53 WIB] [INFO] Mencoba query #2: "50 ml"
[2026-05-22 17:46:56 WIB] [ERROR] Query "50 ml" nihil hasil (TIDAK DITEMUKAN).
[2026-05-22 17:46:56 WIB] [INFO] Mencoba query #3: "tinta stempel 50 ml"
[2026-05-22 17:47:03 WIB] [ERROR] Query "tinta stempel 50 ml" nihil hasil (TIDAK DITEMUKAN).
[2026-05-22 17:47:03 WIB] [INFO] Mencoba query #4: "tinta stempel"
[2026-05-22 17:47:07 WIB] [ERROR] Query "tinta stempel" nihil hasil (TIDAK DITEMUKAN).
[2026-05-22 17:47:07 WIB] [INFO] Mencoba query #5: "tinta"
[2026-05-22 17:47:13 WIB] [ERROR] Query "tinta" nihil hasil (TIDAK DITEMUKAN).
[2026-05-22 17:47:13 WIB] [INFO] Mencoba query #6: "stempel"
[2026-05-22 17:47:23 WIB] [ERROR] Query "stempel" nihil hasil (TIDAK DITEMUKAN).
[2026-05-22 17:47:28 WIB] [INFO] Memulai survei item [1/?]: "Alas Triplek (Spesifikasi: 6 Biji)"
[2026-05-22 17:47:28 WIB] [QUERY] Daftar kata kunci yang dicoba: ["Alas Triplek (Spesifikasi: 6 Biji)","6 biji","alas triplek 6 biji","alas triplek","alas","triplek"]
[2026-05-22 17:47:28 WIB] [INFO] Mencoba query #1: "Alas Triplek (Spesifikasi: 6 Biji)"
[2026-05-22 17:47:32 WIB] [ERROR] Query "Alas Triplek (Spesifikasi: 6 Biji)" nihil hasil (TIDAK DITEMUKAN).
[2026-05-22 17:47:32 WIB] [INFO] Mencoba query #2: "6 biji"
[2026-05-22 17:47:40 WIB] [ERROR] Query "6 biji" nihil hasil (TIDAK DITEMUKAN).
[2026-05-22 17:47:40 WIB] [INFO] Mencoba query #3: "alas triplek 6 biji"
[2026-05-22 17:47:43 WIB] [ERROR] Query "alas triplek 6 biji" nihil hasil (TIDAK DITEMUKAN).
[2026-05-22 17:47:43 WIB] [INFO] Mencoba query #4: "alas triplek"
[2026-05-22 17:47:46 WIB] [ERROR] Query "alas triplek" nihil hasil (TIDAK DITEMUKAN).
[2026-05-22 17:47:46 WIB] [INFO] Mencoba query #5: "alas"
[2026-05-22 17:47:48 WIB] [ERROR] Query "alas" nihil hasil (TIDAK DITEMUKAN).
[2026-05-22 17:47:48 WIB] [INFO] Mencoba query #6: "triplek"
[2026-05-22 17:47:51 WIB] [ERROR] Query "triplek" nihil hasil (TIDAK DITEMUKAN).
[2026-05-22 17:47:53 WIB] [INFO] Memulai survei item [2/?]: "Ballpoint / Ballpen / Pena (Spesifikasi: Ballpoint Baliner)"
[2026-05-22 17:47:53 WIB] [QUERY] Daftar kata kunci yang dicoba: ["Ballpoint / Ballpen / Pena (Spesifikasi: Ballpoint Baliner)","ballpoint baliner","pulpen baliner","pen baliner","ballpen ballpoint baliner","ballpen pulpen baliner"]
[2026-05-22 17:47:53 WIB] [INFO] Mencoba query #1: "Ballpoint / Ballpen / Pena (Spesifikasi: Ballpoint Baliner)"
[2026-05-22 17:47:58 WIB] [ERROR] Query "Ballpoint / Ballpen / Pena (Spesifikasi: Ballpoint Baliner)" nihil hasil (TIDAK DITEMUKAN).
[2026-05-22 17:47:58 WIB] [INFO] Mencoba query #2: "ballpoint baliner"
[2026-05-22 17:48:00 WIB] [INFO] Ditemukan 6 kandidat e-Katalog untuk query "ballpoint baliner"
[2026-05-22 17:48:00 WIB] [RESULT] Kandidat terbaik terpilih: "Ballpoint Baliner" (Rp 299.700) dari vendor OLIVIA HUSEIN dengan skor 0.541
[2026-05-22 17:48:05 WIB] [INFO] Memulai survei item [3/?]: "Ballpoint / Ballpen / Pena (Spesifikasi: Biasa, R6 Isi 12 Buah)"
[2026-05-22 17:48:05 WIB] [QUERY] Daftar kata kunci yang dicoba: ["Ballpoint / Ballpen / Pena (Spesifikasi: Biasa, R6 Isi 12 Buah)","biasa r6 isi 12","ballpoint biasa r6 isi 12","pulpen biasa r6 isi 12","pen biasa r6 isi 12","ballpen biasa r6 isi 12"]
[2026-05-22 17:48:05 WIB] [INFO] Mencoba query #1: "Ballpoint / Ballpen / Pena (Spesifikasi: Biasa, R6 Isi 12 Buah)"
[2026-05-22 17:48:12 WIB] [ERROR] Query "Ballpoint / Ballpen / Pena (Spesifikasi: Biasa, R6 Isi 12 Buah)" nihil hasil (TIDAK DITEMUKAN).
[2026-05-22 17:48:12 WIB] [INFO] Mencoba query #2: "biasa r6 isi 12"
[2026-05-22 17:48:18 WIB] [ERROR] Query "biasa r6 isi 12" nihil hasil (TIDAK DITEMUKAN).
[2026-05-22 17:48:18 WIB] [INFO] Mencoba query #3: "ballpoint biasa r6 isi 12"
[2026-05-22 17:48:21 WIB] [ERROR] Query "ballpoint biasa r6 isi 12" nihil hasil (TIDAK DITEMUKAN).
[2026-05-22 17:48:21 WIB] [INFO] Mencoba query #4: "pulpen biasa r6 isi 12"
[2026-05-22 17:48:24 WIB] [ERROR] Query "pulpen biasa r6 isi 12" nihil hasil (TIDAK DITEMUKAN).
[2026-05-22 17:48:24 WIB] [INFO] Mencoba query #5: "pen biasa r6 isi 12"
[2026-05-22 17:48:27 WIB] [ERROR] Query "pen biasa r6 isi 12" nihil hasil (TIDAK DITEMUKAN).
[2026-05-22 17:48:27 WIB] [INFO] Mencoba query #6: "ballpen biasa r6 isi 12"
[2026-05-22 17:48:30 WIB] [ERROR] Query "ballpen biasa r6 isi 12" nihil hasil (TIDAK DITEMUKAN).
[2026-05-22 17:48:32 WIB] [INFO] Memulai survei item [4/?]: "Bantalan Stempel (Spesifikasi: Biasa)"
[2026-05-22 17:48:32 WIB] [QUERY] Daftar kata kunci yang dicoba: ["Bantalan Stempel (Spesifikasi: Biasa)","biasa","bantalan stempel biasa","bantalan stempel","bantalan","stempel"]
[2026-05-22 17:48:32 WIB] [INFO] Mencoba query #1: "Bantalan Stempel (Spesifikasi: Biasa)"
[2026-05-22 17:48:35 WIB] [ERROR] Query "Bantalan Stempel (Spesifikasi: Biasa)" nihil hasil (TIDAK DITEMUKAN).
[2026-05-22 17:48:35 WIB] [INFO] Mencoba query #2: "biasa"
[2026-05-22 17:48:39 WIB] [INFO] Ditemukan 15 kandidat e-Katalog untuk query "biasa"
[2026-05-22 17:48:39 WIB] [ERROR] Kandidat terbaik ditolak karena skor terlalu rendah (0.223 < 0.35). Produk: "Penjilidan biasa"
[2026-05-22 17:48:47 WIB] [INFO] Memulai survei item [5/?]: "Gunting (Spesifikasi: Besar)"
[2026-05-22 17:48:47 WIB] [QUERY] Daftar kata kunci yang dicoba: ["Gunting (Spesifikasi: Besar)","besar","gunting besar","gunting","gunting gunting"]
[2026-05-22 17:48:47 WIB] [INFO] Mencoba query #1: "Gunting (Spesifikasi: Besar)"
[2026-05-22 17:48:50 WIB] [ERROR] Query "Gunting (Spesifikasi: Besar)" nihil hasil (TIDAK DITEMUKAN).
[2026-05-22 17:48:50 WIB] [INFO] Mencoba query #2: "besar"
[2026-05-22 17:48:54 WIB] [ERROR] Query "besar" nihil hasil (TIDAK DITEMUKAN).
[2026-05-22 17:48:54 WIB] [INFO] Mencoba query #3: "gunting besar"
[2026-05-22 17:48:57 WIB] [ERROR] Query "gunting besar" nihil hasil (TIDAK DITEMUKAN).
[2026-05-22 17:48:57 WIB] [INFO] Mencoba query #4: "gunting"
[2026-05-22 17:49:00 WIB] [ERROR] Query "gunting" nihil hasil (TIDAK DITEMUKAN).
[2026-05-22 17:49:00 WIB] [INFO] Mencoba query #5: "gunting gunting"
[2026-05-22 17:49:04 WIB] [INFO] Ditemukan 15 kandidat e-Katalog untuk query "gunting gunting"
[2026-05-22 17:49:04 WIB] [ERROR] Kandidat terbaik ditolak karena skor terlalu rendah (0.327 < 0.35). Produk: "Gunting K500"
[2026-05-22 17:49:10 WIB] [INFO] Memulai survei item [6/?]: "Isi Staples (Spesifikasi: No. 10-1M)"
[2026-05-22 17:49:10 WIB] [QUERY] Daftar kata kunci yang dicoba: ["Isi Staples (Spesifikasi: No. 10-1M)","no 10 1m","isi staples no 10 1m","isi steples no 10 1m","isi penjepit kertas no 10 1m","isi stapler no 10 1m"]
[2026-05-22 17:49:10 WIB] [INFO] Mencoba query #1: "Isi Staples (Spesifikasi: No. 10-1M)"
[2026-05-22 17:49:13 WIB] [ERROR] Query "Isi Staples (Spesifikasi: No. 10-1M)" nihil hasil (TIDAK DITEMUKAN).
[2026-05-22 17:49:13 WIB] [INFO] Mencoba query #2: "no 10 1m"
[2026-05-22 17:49:21 WIB] [ERROR] Query "no 10 1m" nihil hasil (TIDAK DITEMUKAN).
[2026-05-22 17:49:21 WIB] [INFO] Mencoba query #3: "isi staples no 10 1m"
[2026-05-22 17:49:24 WIB] [ERROR] Query "isi staples no 10 1m" nihil hasil (TIDAK DITEMUKAN).
[2026-05-22 17:49:24 WIB] [INFO] Mencoba query #4: "isi steples no 10 1m"
[2026-05-22 17:49:27 WIB] [ERROR] Query "isi steples no 10 1m" nihil hasil (TIDAK DITEMUKAN).
[2026-05-22 17:49:27 WIB] [INFO] Mencoba query #5: "isi penjepit kertas no 10 1m"
[2026-05-22 17:49:30 WIB] [ERROR] Query "isi penjepit kertas no 10 1m" nihil hasil (TIDAK DITEMUKAN).
[2026-05-22 17:49:30 WIB] [INFO] Mencoba query #6: "isi stapler no 10 1m"
[2026-05-22 17:49:33 WIB] [ERROR] Query "isi stapler no 10 1m" nihil hasil (TIDAK DITEMUKAN).
[2026-05-22 17:49:35 WIB] [INFO] Memulai survei item [7/?]: "Isolasi Lakban (Spesifikasi: Hitam, Uk 46 mm x 12 m)"
[2026-05-22 17:49:35 WIB] [QUERY] Daftar kata kunci yang dicoba: ["Isolasi Lakban (Spesifikasi: Hitam, Uk 46 mm x 12 m)","hitam uk 46 mm x 12 m","isolasi lakban hitam uk 46 mm x 12 m","isolasi lakban","isolasi","lakban"]
[2026-05-22 17:49:35 WIB] [INFO] Mencoba query #1: "Isolasi Lakban (Spesifikasi: Hitam, Uk 46 mm x 12 m)"
[2026-05-22 17:49:38 WIB] [ERROR] Query "Isolasi Lakban (Spesifikasi: Hitam, Uk 46 mm x 12 m)" nihil hasil (TIDAK DITEMUKAN).
[2026-05-22 17:49:38 WIB] [INFO] Mencoba query #2: "hitam uk 46 mm x 12 m"
[2026-05-22 17:49:40 WIB] [ERROR] Query "hitam uk 46 mm x 12 m" nihil hasil (TIDAK DITEMUKAN).
[2026-05-22 17:49:40 WIB] [INFO] Mencoba query #3: "isolasi lakban hitam uk 46 mm x 12 m"
[2026-05-22 17:49:43 WIB] [ERROR] Query "isolasi lakban hitam uk 46 mm x 12 m" nihil hasil (TIDAK DITEMUKAN).
[2026-05-22 17:49:43 WIB] [INFO] Mencoba query #4: "isolasi lakban"
[2026-05-22 17:49:52 WIB] [ERROR] Query "isolasi lakban" nihil hasil (TIDAK DITEMUKAN).
[2026-05-22 17:49:52 WIB] [INFO] Mencoba query #5: "isolasi"
[2026-05-22 17:49:55 WIB] [ERROR] Query "isolasi" nihil hasil (TIDAK DITEMUKAN).
[2026-05-22 17:49:55 WIB] [INFO] Mencoba query #6: "lakban"
[2026-05-22 17:49:59 WIB] [ERROR] Query "lakban" nihil hasil (TIDAK DITEMUKAN).
[2026-05-22 17:50:01 WIB] [INFO] Memulai survei item [8/?]: "Lem (Spesifikasi: 20 Ml)"
[2026-05-22 17:50:01 WIB] [QUERY] Daftar kata kunci yang dicoba: ["Lem (Spesifikasi: 20 Ml)","20 ml","lem 20 ml","lem","lem lem"]
[2026-05-22 17:50:01 WIB] [INFO] Mencoba query #1: "Lem (Spesifikasi: 20 Ml)"
[2026-05-22 17:50:03 WIB] [ERROR] Query "Lem (Spesifikasi: 20 Ml)" nihil hasil (TIDAK DITEMUKAN).
[2026-05-22 17:50:03 WIB] [INFO] Mencoba query #2: "20 ml"
[2026-05-22 17:50:07 WIB] [ERROR] Query "20 ml" nihil hasil (TIDAK DITEMUKAN).
[2026-05-22 17:50:07 WIB] [INFO] Mencoba query #3: "lem 20 ml"
[2026-05-22 17:50:10 WIB] [ERROR] Query "lem 20 ml" nihil hasil (TIDAK DITEMUKAN).
[2026-05-22 17:50:10 WIB] [INFO] Mencoba query #4: "lem"
[2026-05-22 17:50:13 WIB] [ERROR] Query "lem" nihil hasil (TIDAK DITEMUKAN).
[2026-05-22 17:50:13 WIB] [INFO] Mencoba query #5: "lem lem"
[2026-05-22 17:50:17 WIB] [ERROR] Query "lem lem" nihil hasil (TIDAK DITEMUKAN).
[2026-05-22 17:50:19 WIB] [INFO] Memulai survei item [9/?]: "Map Dinas (Spesifikasi: Ukuran F4)"
[2026-05-22 17:50:19 WIB] [QUERY] Daftar kata kunci yang dicoba: ["Map Dinas (Spesifikasi: Ukuran F4)","map dinas f4","map dinas","map","dinas"]
[2026-05-22 17:50:19 WIB] [INFO] Mencoba query #1: "Map Dinas (Spesifikasi: Ukuran F4)"
[2026-05-22 17:50:26 WIB] [ERROR] Query "Map Dinas (Spesifikasi: Ukuran F4)" nihil hasil (TIDAK DITEMUKAN).
[2026-05-22 17:50:26 WIB] [INFO] Mencoba query #2: "map dinas f4"
[2026-05-22 17:50:29 WIB] [ERROR] Query "map dinas f4" nihil hasil (TIDAK DITEMUKAN).
[2026-05-22 17:50:29 WIB] [INFO] Mencoba query #3: "map dinas"
[2026-05-22 17:50:32 WIB] [ERROR] Query "map dinas" nihil hasil (TIDAK DITEMUKAN).
[2026-05-22 17:50:32 WIB] [INFO] Mencoba query #4: "map"
[2026-05-22 17:50:35 WIB] [ERROR] Query "map" nihil hasil (TIDAK DITEMUKAN).
[2026-05-22 17:50:35 WIB] [INFO] Mencoba query #5: "dinas"
[2026-05-22 17:50:40 WIB] [ERROR] Query "dinas" nihil hasil (TIDAK DITEMUKAN).
[2026-05-22 17:50:42 WIB] [INFO] Memulai survei item [10/?]: "Snelhecter Map (Spesifikasi: 5001, Isi 50 Buah)"
[2026-05-22 17:50:42 WIB] [QUERY] Daftar kata kunci yang dicoba: ["Snelhecter Map (Spesifikasi: 5001, Isi 50 Buah)","5001 isi 50","snelhecter map 5001 isi 50","snelhecter map","snelhecter","map"]
[2026-05-22 17:50:42 WIB] [INFO] Mencoba query #1: "Snelhecter Map (Spesifikasi: 5001, Isi 50 Buah)"
[2026-05-22 17:50:51 WIB] [ERROR] Query "Snelhecter Map (Spesifikasi: 5001, Isi 50 Buah)" nihil hasil (TIDAK DITEMUKAN).
[2026-05-22 17:50:51 WIB] [INFO] Mencoba query #2: "5001 isi 50"
[2026-05-22 17:51:01 WIB] [ERROR] Query "5001 isi 50" nihil hasil (TIDAK DITEMUKAN).
[2026-05-22 17:51:01 WIB] [INFO] Mencoba query #3: "snelhecter map 5001 isi 50"
[2026-05-22 17:51:10 WIB] [ERROR] Query "snelhecter map 5001 isi 50" nihil hasil (TIDAK DITEMUKAN).
[2026-05-22 17:51:10 WIB] [INFO] Mencoba query #4: "snelhecter map"
[2026-05-22 17:51:13 WIB] [INFO] Ditemukan 4 kandidat e-Katalog untuk query "snelhecter map"
[2026-05-22 17:51:13 WIB] [ERROR] Kandidat terbaik ditolak karena skor terlalu rendah (0.157 < 0.35). Produk: "MAP PLASTIK SNELHECTER"
[2026-05-22 17:51:18 WIB] [INFO] Memulai survei item [11/?]: "Spidol (Spesifikasi: Besar)"
[2026-05-22 17:51:18 WIB] [QUERY] Daftar kata kunci yang dicoba: ["Spidol (Spesifikasi: Besar)","besar","spidol besar","marker besar","pena besar","highlighter besar"]
[2026-05-22 17:51:18 WIB] [INFO] Mencoba query #1: "Spidol (Spesifikasi: Besar)"
[2026-05-22 17:51:20 WIB] [ERROR] Query "Spidol (Spesifikasi: Besar)" nihil hasil (TIDAK DITEMUKAN).
[2026-05-22 17:51:20 WIB] [INFO] Mencoba query #2: "besar"
[2026-05-22 17:51:23 WIB] [INFO] Ditemukan 15 kandidat e-Katalog untuk query "besar"
[2026-05-22 17:51:23 WIB] [ERROR] Kandidat terbaik ditolak karena skor terlalu rendah (0.299 < 0.35). Produk: "Baterai besar"
[2026-05-22 17:51:45 WIB] [INFO] Memulai survei item [12/?]: "Stapler/Hechmachine (Spesifikasi: Kecil)"
[2026-05-22 17:51:45 WIB] [QUERY] Daftar kata kunci yang dicoba: ["Stapler/Hechmachine (Spesifikasi: Kecil)","kecil","stapler kecil","hechmachine kecil","stapler","hechmachine"]
[2026-05-22 17:51:45 WIB] [INFO] Mencoba query #1: "Stapler/Hechmachine (Spesifikasi: Kecil)"
[2026-05-22 17:51:48 WIB] [ERROR] Query "Stapler/Hechmachine (Spesifikasi: Kecil)" nihil hasil (TIDAK DITEMUKAN).
[2026-05-22 17:51:48 WIB] [INFO] Mencoba query #2: "kecil"
[2026-05-22 17:51:54 WIB] [ERROR] Query "kecil" nihil hasil (TIDAK DITEMUKAN).
[2026-05-22 17:51:54 WIB] [INFO] Mencoba query #3: "stapler kecil"
[2026-05-22 17:51:56 WIB] [ERROR] Query "stapler kecil" nihil hasil (TIDAK DITEMUKAN).
[2026-05-22 17:51:56 WIB] [INFO] Mencoba query #4: "hechmachine kecil"
[2026-05-22 17:52:00 WIB] [ERROR] Query "hechmachine kecil" nihil hasil (TIDAK DITEMUKAN).
[2026-05-22 17:52:00 WIB] [INFO] Mencoba query #5: "stapler"
[2026-05-22 17:52:06 WIB] [INFO] Ditemukan 15 kandidat e-Katalog untuk query "stapler"
[2026-05-22 17:52:06 WIB] [ERROR] Kandidat terbaik ditolak karena skor terlalu rendah (0.299 < 0.35). Produk: "Stapler Kecil"
[2026-05-22 17:52:12 WIB] [INFO] Memulai survei item [13/?]: "Tinta Stempel (Spesifikasi: 50 Ml)"
[2026-05-22 17:52:12 WIB] [QUERY] Daftar kata kunci yang dicoba: ["Tinta Stempel (Spesifikasi: 50 Ml)","50 ml","tinta stempel 50 ml","tinta stempel","tinta","stempel"]
[2026-05-22 17:52:12 WIB] [INFO] Mencoba query #1: "Tinta Stempel (Spesifikasi: 50 Ml)"
[2026-05-22 17:52:15 WIB] [ERROR] Query "Tinta Stempel (Spesifikasi: 50 Ml)" nihil hasil (TIDAK DITEMUKAN).
[2026-05-22 17:52:15 WIB] [INFO] Mencoba query #2: "50 ml"
[2026-05-22 17:52:19 WIB] [INFO] Ditemukan 13 kandidat e-Katalog untuk query "50 ml"
[2026-05-22 17:52:19 WIB] [RESULT] Kandidat terbaik terpilih: "Vetadryl inj 50 ml" (Rp 34.410) dari vendor ROJOKOYO SEJATI dengan skor 0.380
[2026-05-22 18:00:35 WIB] [INFO] Memulai survei item [1/?]: "Tinta Stempel (Spesifikasi: 50 Ml)"
[2026-05-22 18:00:35 WIB] [QUERY] Daftar kata kunci yang dicoba: ["Tinta Stempel (Spesifikasi: 50 Ml)","tinta stempel 50 ml","tinta stempel","tinta","stempel"]
[2026-05-22 18:00:35 WIB] [INFO] Mencoba query #1: "Tinta Stempel (Spesifikasi: 50 Ml)"
[2026-05-22 18:00:44 WIB] [ERROR] Query "Tinta Stempel (Spesifikasi: 50 Ml)" nihil hasil (TIDAK DITEMUKAN).
[2026-05-22 18:00:44 WIB] [INFO] Mencoba query #2: "tinta stempel 50 ml"
[2026-05-22 18:00:49 WIB] [ERROR] Query "tinta stempel 50 ml" nihil hasil (TIDAK DITEMUKAN).
[2026-05-22 18:00:49 WIB] [INFO] Mencoba query #3: "tinta stempel"
[2026-05-22 18:00:54 WIB] [ERROR] Query "tinta stempel" nihil hasil (TIDAK DITEMUKAN).
[2026-05-22 18:00:54 WIB] [INFO] Mencoba query #4: "tinta"
[2026-05-22 18:01:01 WIB] [ERROR] Query "tinta" nihil hasil (TIDAK DITEMUKAN).
[2026-05-22 18:01:01 WIB] [INFO] Mencoba query #5: "stempel"
[2026-05-22 18:01:04 WIB] [ERROR] Query "stempel" nihil hasil (TIDAK DITEMUKAN).
[2026-05-22 18:01:06 WIB] [INFO] Memulai survei item [2/?]: "Gunting (Spesifikasi: Besar)"
[2026-05-22 18:01:06 WIB] [QUERY] Daftar kata kunci yang dicoba: ["Gunting (Spesifikasi: Besar)","gunting besar","gunting","gunting gunting"]
[2026-05-22 18:01:06 WIB] [INFO] Mencoba query #1: "Gunting (Spesifikasi: Besar)"
[2026-05-22 18:01:10 WIB] [ERROR] Query "Gunting (Spesifikasi: Besar)" nihil hasil (TIDAK DITEMUKAN).
[2026-05-22 18:01:10 WIB] [INFO] Mencoba query #2: "gunting besar"
[2026-05-22 18:01:13 WIB] [ERROR] Query "gunting besar" nihil hasil (TIDAK DITEMUKAN).
[2026-05-22 18:01:13 WIB] [INFO] Mencoba query #3: "gunting"
[2026-05-22 18:01:17 WIB] [ERROR] Query "gunting" nihil hasil (TIDAK DITEMUKAN).
[2026-05-22 18:01:17 WIB] [INFO] Mencoba query #4: "gunting gunting"
[2026-05-22 18:01:23 WIB] [INFO] Ditemukan 15 kandidat e-Katalog untuk query "gunting gunting"
[2026-05-22 18:01:24 WIB] [ERROR] Kandidat terbaik ditolak karena skor terlalu rendah (0.327 < 0.35). Produk: "Gunting K500"
[2026-05-22 18:06:28 WIB] [INFO] Memulai survei item [1/?]: "Alas Triplek (Spesifikasi: 6 Biji)"
[2026-05-22 18:06:28 WIB] [QUERY] Daftar kata kunci yang dicoba: ["Alas Triplek (Spesifikasi: 6 Biji)","6 biji","alas triplek 6 biji","alas triplek","alas","triplek"]
[2026-05-22 18:06:28 WIB] [INFO] Mencoba query #1: "Alas Triplek (Spesifikasi: 6 Biji)"
[2026-05-22 18:06:36 WIB] [ERROR] Query "Alas Triplek (Spesifikasi: 6 Biji)" nihil hasil (TIDAK DITEMUKAN).
[2026-05-22 18:06:36 WIB] [INFO] Mencoba query #2: "6 biji"
[2026-05-22 18:06:41 WIB] [ERROR] Query "6 biji" nihil hasil (TIDAK DITEMUKAN).
[2026-05-22 18:06:41 WIB] [INFO] Mencoba query #3: "alas triplek 6 biji"
[2026-05-22 18:06:44 WIB] [ERROR] Query "alas triplek 6 biji" nihil hasil (TIDAK DITEMUKAN).
[2026-05-22 18:06:44 WIB] [INFO] Mencoba query #4: "alas triplek"
[2026-05-22 18:06:48 WIB] [ERROR] Query "alas triplek" nihil hasil (TIDAK DITEMUKAN).
[2026-05-22 18:06:48 WIB] [INFO] Mencoba query #5: "alas"
[2026-05-22 18:06:51 WIB] [ERROR] Query "alas" nihil hasil (TIDAK DITEMUKAN).
[2026-05-22 18:06:51 WIB] [INFO] Mencoba query #6: "triplek"
[2026-05-22 18:06:53 WIB] [ERROR] Query "triplek" nihil hasil (TIDAK DITEMUKAN).
[2026-05-22 18:06:55 WIB] [INFO] Memulai survei item [2/?]: "Ballpoint / Ballpen / Pena (Spesifikasi: Ballpoint Baliner)"
[2026-05-22 18:06:55 WIB] [QUERY] Daftar kata kunci yang dicoba: ["Ballpoint / Ballpen / Pena (Spesifikasi: Ballpoint Baliner)","ballpoint baliner","pulpen baliner","pen baliner","ballpen ballpoint baliner","ballpen pulpen baliner"]
[2026-05-22 18:06:55 WIB] [INFO] Mencoba query #1: "Ballpoint / Ballpen / Pena (Spesifikasi: Ballpoint Baliner)"
[2026-05-22 18:07:00 WIB] [ERROR] Query "Ballpoint / Ballpen / Pena (Spesifikasi: Ballpoint Baliner)" nihil hasil (TIDAK DITEMUKAN).
[2026-05-22 18:07:00 WIB] [INFO] Mencoba query #2: "ballpoint baliner"
[2026-05-22 18:07:08 WIB] [ERROR] Query "ballpoint baliner" nihil hasil (TIDAK DITEMUKAN).
[2026-05-22 18:07:08 WIB] [INFO] Mencoba query #3: "pulpen baliner"
[2026-05-22 18:07:13 WIB] [ERROR] Query "pulpen baliner" nihil hasil (TIDAK DITEMUKAN).
[2026-05-22 18:07:13 WIB] [INFO] Mencoba query #4: "pen baliner"
[2026-05-22 18:07:23 WIB] [ERROR] Query "pen baliner" nihil hasil (TIDAK DITEMUKAN).
[2026-05-22 18:07:23 WIB] [INFO] Mencoba query #5: "ballpen ballpoint baliner"
[2026-05-22 18:07:32 WIB] [ERROR] Query "ballpen ballpoint baliner" nihil hasil (TIDAK DITEMUKAN).
[2026-05-22 18:07:32 WIB] [INFO] Mencoba query #6: "ballpen pulpen baliner"
[2026-05-22 18:07:40 WIB] [ERROR] Query "ballpen pulpen baliner" nihil hasil (TIDAK DITEMUKAN).
[2026-05-22 18:07:42 WIB] [INFO] Memulai survei item [3/?]: "Ballpoint / Ballpen / Pena (Spesifikasi: Biasa, R6 Isi 12 Buah)"
[2026-05-22 18:07:42 WIB] [QUERY] Daftar kata kunci yang dicoba: ["Ballpoint / Ballpen / Pena (Spesifikasi: Biasa, R6 Isi 12 Buah)","biasa r6 isi 12","ballpoint biasa r6 isi 12","pulpen biasa r6 isi 12","pen biasa r6 isi 12","ballpen biasa r6 isi 12"]
[2026-05-22 18:07:42 WIB] [INFO] Mencoba query #1: "Ballpoint / Ballpen / Pena (Spesifikasi: Biasa, R6 Isi 12 Buah)"
[2026-05-22 18:07:44 WIB] [ERROR] Query "Ballpoint / Ballpen / Pena (Spesifikasi: Biasa, R6 Isi 12 Buah)" nihil hasil (TIDAK DITEMUKAN).
[2026-05-22 18:07:44 WIB] [INFO] Mencoba query #2: "biasa r6 isi 12"
[2026-05-22 18:07:47 WIB] [ERROR] Query "biasa r6 isi 12" nihil hasil (TIDAK DITEMUKAN).
[2026-05-22 18:07:47 WIB] [INFO] Mencoba query #3: "ballpoint biasa r6 isi 12"
[2026-05-22 18:07:49 WIB] [ERROR] Query "ballpoint biasa r6 isi 12" nihil hasil (TIDAK DITEMUKAN).
[2026-05-22 18:07:49 WIB] [INFO] Mencoba query #4: "pulpen biasa r6 isi 12"
[2026-05-22 18:07:51 WIB] [ERROR] Query "pulpen biasa r6 isi 12" nihil hasil (TIDAK DITEMUKAN).
[2026-05-22 18:07:51 WIB] [INFO] Mencoba query #5: "pen biasa r6 isi 12"
[2026-05-22 18:07:53 WIB] [ERROR] Query "pen biasa r6 isi 12" nihil hasil (TIDAK DITEMUKAN).
[2026-05-22 18:07:53 WIB] [INFO] Mencoba query #6: "ballpen biasa r6 isi 12"
[2026-05-22 18:07:55 WIB] [ERROR] Query "ballpen biasa r6 isi 12" nihil hasil (TIDAK DITEMUKAN).
[2026-05-22 18:07:57 WIB] [INFO] Memulai survei item [4/?]: "Bantalan Stempel (Spesifikasi: Biasa)"
[2026-05-22 18:07:57 WIB] [QUERY] Daftar kata kunci yang dicoba: ["Bantalan Stempel (Spesifikasi: Biasa)","bantalan stempel biasa","bantalan stempel","bantalan","stempel"]
[2026-05-22 18:07:57 WIB] [INFO] Mencoba query #1: "Bantalan Stempel (Spesifikasi: Biasa)"
[2026-05-22 18:07:59 WIB] [ERROR] Query "Bantalan Stempel (Spesifikasi: Biasa)" nihil hasil (TIDAK DITEMUKAN).
[2026-05-22 18:07:59 WIB] [INFO] Mencoba query #2: "bantalan stempel biasa"
[2026-05-22 18:08:03 WIB] [ERROR] Query "bantalan stempel biasa" nihil hasil (TIDAK DITEMUKAN).
[2026-05-22 18:08:03 WIB] [INFO] Mencoba query #3: "bantalan stempel"
[2026-05-22 18:08:06 WIB] [ERROR] Query "bantalan stempel" nihil hasil (TIDAK DITEMUKAN).
[2026-05-22 18:08:06 WIB] [INFO] Mencoba query #4: "bantalan"
[2026-05-22 18:08:10 WIB] [ERROR] Query "bantalan" nihil hasil (TIDAK DITEMUKAN).
[2026-05-22 18:08:10 WIB] [INFO] Mencoba query #5: "stempel"
[2026-05-22 18:08:14 WIB] [ERROR] Query "stempel" nihil hasil (TIDAK DITEMUKAN).
[2026-05-22 18:08:16 WIB] [INFO] Memulai survei item [5/?]: "Gunting (Spesifikasi: Besar)"
[2026-05-22 18:08:16 WIB] [QUERY] Daftar kata kunci yang dicoba: ["Gunting (Spesifikasi: Besar)","gunting besar","gunting","gunting gunting"]
[2026-05-22 18:08:16 WIB] [INFO] Mencoba query #1: "Gunting (Spesifikasi: Besar)"
[2026-05-22 18:08:18 WIB] [ERROR] Query "Gunting (Spesifikasi: Besar)" nihil hasil (TIDAK DITEMUKAN).
[2026-05-22 18:08:18 WIB] [INFO] Mencoba query #2: "gunting besar"
[2026-05-22 18:08:21 WIB] [ERROR] Query "gunting besar" nihil hasil (TIDAK DITEMUKAN).
[2026-05-22 18:08:21 WIB] [INFO] Mencoba query #3: "gunting"
[2026-05-22 18:08:24 WIB] [ERROR] Query "gunting" nihil hasil (TIDAK DITEMUKAN).
[2026-05-22 18:08:24 WIB] [INFO] Mencoba query #4: "gunting gunting"
[2026-05-22 18:08:26 WIB] [ERROR] Query "gunting gunting" nihil hasil (TIDAK DITEMUKAN).
[2026-05-22 18:08:28 WIB] [INFO] Memulai survei item [6/?]: "Isi Staples (Spesifikasi: No. 10-1M)"
[2026-05-22 18:08:28 WIB] [QUERY] Daftar kata kunci yang dicoba: ["Isi Staples (Spesifikasi: No. 10-1M)","no 10 1m","isi staples no 10 1m","isi steples no 10 1m","isi penjepit kertas no 10 1m","isi stapler no 10 1m"]
[2026-05-22 18:08:28 WIB] [INFO] Mencoba query #1: "Isi Staples (Spesifikasi: No. 10-1M)"
[2026-05-22 18:08:30 WIB] [ERROR] Query "Isi Staples (Spesifikasi: No. 10-1M)" nihil hasil (TIDAK DITEMUKAN).
[2026-05-22 18:08:30 WIB] [INFO] Mencoba query #2: "no 10 1m"
[2026-05-22 18:08:33 WIB] [ERROR] Query "no 10 1m" nihil hasil (TIDAK DITEMUKAN).
[2026-05-22 18:08:33 WIB] [INFO] Mencoba query #3: "isi staples no 10 1m"
[2026-05-22 18:08:36 WIB] [ERROR] Query "isi staples no 10 1m" nihil hasil (TIDAK DITEMUKAN).
[2026-05-22 18:08:36 WIB] [INFO] Mencoba query #4: "isi steples no 10 1m"
[2026-05-22 18:08:41 WIB] [ERROR] Query "isi steples no 10 1m" nihil hasil (TIDAK DITEMUKAN).
[2026-05-22 18:08:41 WIB] [INFO] Mencoba query #5: "isi penjepit kertas no 10 1m"
[2026-05-22 18:08:48 WIB] [ERROR] Query "isi penjepit kertas no 10 1m" nihil hasil (TIDAK DITEMUKAN).
[2026-05-22 18:08:48 WIB] [INFO] Mencoba query #6: "isi stapler no 10 1m"
[2026-05-22 18:08:50 WIB] [ERROR] Query "isi stapler no 10 1m" nihil hasil (TIDAK DITEMUKAN).
[2026-05-22 18:08:52 WIB] [INFO] Memulai survei item [7/?]: "Isolasi Lakban (Spesifikasi: Hitam, Uk 46 mm x 12 m)"
[2026-05-22 18:08:52 WIB] [QUERY] Daftar kata kunci yang dicoba: ["Isolasi Lakban (Spesifikasi: Hitam, Uk 46 mm x 12 m)","hitam uk 46 mm x 12 m","isolasi lakban hitam uk 46 mm x 12 m","isolasi lakban","isolasi","lakban"]
[2026-05-22 18:08:52 WIB] [INFO] Mencoba query #1: "Isolasi Lakban (Spesifikasi: Hitam, Uk 46 mm x 12 m)"
[2026-05-22 18:08:55 WIB] [ERROR] Query "Isolasi Lakban (Spesifikasi: Hitam, Uk 46 mm x 12 m)" nihil hasil (TIDAK DITEMUKAN).
[2026-05-22 18:08:55 WIB] [INFO] Mencoba query #2: "hitam uk 46 mm x 12 m"
[2026-05-22 18:08:58 WIB] [ERROR] Query "hitam uk 46 mm x 12 m" nihil hasil (TIDAK DITEMUKAN).
[2026-05-22 18:08:58 WIB] [INFO] Mencoba query #3: "isolasi lakban hitam uk 46 mm x 12 m"
[2026-05-22 18:09:00 WIB] [ERROR] Query "isolasi lakban hitam uk 46 mm x 12 m" nihil hasil (TIDAK DITEMUKAN).
[2026-05-22 18:09:00 WIB] [INFO] Mencoba query #4: "isolasi lakban"
[2026-05-22 18:09:03 WIB] [ERROR] Query "isolasi lakban" nihil hasil (TIDAK DITEMUKAN).
[2026-05-22 18:09:03 WIB] [INFO] Mencoba query #5: "isolasi"
[2026-05-22 18:09:05 WIB] [ERROR] Query "isolasi" nihil hasil (TIDAK DITEMUKAN).
[2026-05-22 18:09:05 WIB] [INFO] Mencoba query #6: "lakban"
[2026-05-22 18:09:07 WIB] [ERROR] Query "lakban" nihil hasil (TIDAK DITEMUKAN).
[2026-05-22 18:09:09 WIB] [INFO] Memulai survei item [8/?]: "Lem (Spesifikasi: 20 Ml)"
[2026-05-22 18:09:09 WIB] [QUERY] Daftar kata kunci yang dicoba: ["Lem (Spesifikasi: 20 Ml)","lem 20 ml","lem","lem lem"]
[2026-05-22 18:09:09 WIB] [INFO] Mencoba query #1: "Lem (Spesifikasi: 20 Ml)"
[2026-05-22 18:09:12 WIB] [ERROR] Query "Lem (Spesifikasi: 20 Ml)" nihil hasil (TIDAK DITEMUKAN).
[2026-05-22 18:09:12 WIB] [INFO] Mencoba query #2: "lem 20 ml"
[2026-05-22 18:09:14 WIB] [ERROR] Query "lem 20 ml" nihil hasil (TIDAK DITEMUKAN).
[2026-05-22 18:09:14 WIB] [INFO] Mencoba query #3: "lem"
[2026-05-22 18:09:24 WIB] [ERROR] Query "lem" nihil hasil (TIDAK DITEMUKAN).
[2026-05-22 18:09:24 WIB] [INFO] Mencoba query #4: "lem lem"
[2026-05-22 18:09:28 WIB] [ERROR] Query "lem lem" nihil hasil (TIDAK DITEMUKAN).
[2026-05-22 18:09:30 WIB] [INFO] Memulai survei item [9/?]: "Map Dinas (Spesifikasi: Ukuran F4)"
[2026-05-22 18:09:30 WIB] [QUERY] Daftar kata kunci yang dicoba: ["Map Dinas (Spesifikasi: Ukuran F4)","map dinas f4","map dinas","map","dinas"]
[2026-05-22 18:09:30 WIB] [INFO] Mencoba query #1: "Map Dinas (Spesifikasi: Ukuran F4)"
[2026-05-22 18:09:33 WIB] [ERROR] Query "Map Dinas (Spesifikasi: Ukuran F4)" nihil hasil (TIDAK DITEMUKAN).
[2026-05-22 18:09:33 WIB] [INFO] Mencoba query #2: "map dinas f4"
[2026-05-22 18:09:38 WIB] [ERROR] Query "map dinas f4" nihil hasil (TIDAK DITEMUKAN).
[2026-05-22 18:09:38 WIB] [INFO] Mencoba query #3: "map dinas"
[2026-05-22 18:09:43 WIB] [ERROR] Query "map dinas" nihil hasil (TIDAK DITEMUKAN).
[2026-05-22 18:09:43 WIB] [INFO] Mencoba query #4: "map"
[2026-05-22 18:09:46 WIB] [ERROR] Query "map" nihil hasil (TIDAK DITEMUKAN).
[2026-05-22 18:09:46 WIB] [INFO] Mencoba query #5: "dinas"
[2026-05-22 18:09:58 WIB] [ERROR] Query "dinas" nihil hasil (TIDAK DITEMUKAN).
[2026-05-22 18:10:00 WIB] [INFO] Memulai survei item [10/?]: "Snelhecter Map (Spesifikasi: 5001, Isi 50 Buah)"
[2026-05-22 18:10:00 WIB] [QUERY] Daftar kata kunci yang dicoba: ["Snelhecter Map (Spesifikasi: 5001, Isi 50 Buah)","5001 isi 50","snelhecter map 5001 isi 50","snelhecter map","snelhecter","map"]
[2026-05-22 18:10:00 WIB] [INFO] Mencoba query #1: "Snelhecter Map (Spesifikasi: 5001, Isi 50 Buah)"
[2026-05-22 18:10:14 WIB] [ERROR] Query "Snelhecter Map (Spesifikasi: 5001, Isi 50 Buah)" nihil hasil (TIDAK DITEMUKAN).
[2026-05-22 18:10:14 WIB] [INFO] Mencoba query #2: "5001 isi 50"
[2026-05-22 18:10:22 WIB] [ERROR] Query "5001 isi 50" nihil hasil (TIDAK DITEMUKAN).
[2026-05-22 18:10:22 WIB] [INFO] Mencoba query #3: "snelhecter map 5001 isi 50"
[2026-05-22 18:10:41 WIB] [ERROR] Query "snelhecter map 5001 isi 50" nihil hasil (TIDAK DITEMUKAN).
[2026-05-22 18:10:41 WIB] [INFO] Mencoba query #4: "snelhecter map"
[2026-05-22 18:10:48 WIB] [ERROR] Query "snelhecter map" nihil hasil (TIDAK DITEMUKAN).
[2026-05-22 18:10:48 WIB] [INFO] Mencoba query #5: "snelhecter"
[2026-05-22 18:11:00 WIB] [ERROR] Query "snelhecter" nihil hasil (TIDAK DITEMUKAN).
[2026-05-22 18:11:00 WIB] [INFO] Mencoba query #6: "map"
[2026-05-22 18:11:05 WIB] [ERROR] Query "map" nihil hasil (TIDAK DITEMUKAN).
[2026-05-22 18:11:07 WIB] [INFO] Memulai survei item [11/?]: "Spidol (Spesifikasi: Besar)"
[2026-05-22 18:11:07 WIB] [QUERY] Daftar kata kunci yang dicoba: ["Spidol (Spesifikasi: Besar)","spidol besar","marker besar","pena besar","highlighter besar","spidol permanen besar"]
[2026-05-22 18:11:07 WIB] [INFO] Mencoba query #1: "Spidol (Spesifikasi: Besar)"
[2026-05-22 18:11:10 WIB] [ERROR] Query "Spidol (Spesifikasi: Besar)" nihil hasil (TIDAK DITEMUKAN).
[2026-05-22 18:11:10 WIB] [INFO] Mencoba query #2: "spidol besar"
[2026-05-22 18:11:14 WIB] [ERROR] Query "spidol besar" nihil hasil (TIDAK DITEMUKAN).
[2026-05-22 18:11:14 WIB] [INFO] Mencoba query #3: "marker besar"
[2026-05-22 18:11:17 WIB] [ERROR] Query "marker besar" nihil hasil (TIDAK DITEMUKAN).
[2026-05-22 18:11:17 WIB] [INFO] Mencoba query #4: "pena besar"
[2026-05-22 18:11:20 WIB] [ERROR] Query "pena besar" nihil hasil (TIDAK DITEMUKAN).
[2026-05-22 18:11:20 WIB] [INFO] Mencoba query #5: "highlighter besar"
[2026-05-22 18:11:22 WIB] [ERROR] Query "highlighter besar" nihil hasil (TIDAK DITEMUKAN).
[2026-05-22 18:11:22 WIB] [INFO] Mencoba query #6: "spidol permanen besar"
[2026-05-22 18:11:24 WIB] [ERROR] Query "spidol permanen besar" nihil hasil (TIDAK DITEMUKAN).
[2026-05-22 18:11:26 WIB] [INFO] Memulai survei item [12/?]: "Stapler/Hechmachine (Spesifikasi: Kecil)"
[2026-05-22 18:11:26 WIB] [QUERY] Daftar kata kunci yang dicoba: ["Stapler/Hechmachine (Spesifikasi: Kecil)","stapler kecil","hechmachine kecil","stapler","hechmachine","stapler stapler"]
[2026-05-22 18:11:26 WIB] [INFO] Mencoba query #1: "Stapler/Hechmachine (Spesifikasi: Kecil)"
[2026-05-22 18:11:30 WIB] [ERROR] Query "Stapler/Hechmachine (Spesifikasi: Kecil)" nihil hasil (TIDAK DITEMUKAN).
[2026-05-22 18:11:30 WIB] [INFO] Mencoba query #2: "stapler kecil"
[2026-05-22 18:11:33 WIB] [ERROR] Query "stapler kecil" nihil hasil (TIDAK DITEMUKAN).
[2026-05-22 18:11:33 WIB] [INFO] Mencoba query #3: "hechmachine kecil"
[2026-05-22 18:11:35 WIB] [ERROR] Query "hechmachine kecil" nihil hasil (TIDAK DITEMUKAN).
[2026-05-22 18:11:35 WIB] [INFO] Mencoba query #4: "stapler"
[2026-05-22 18:11:37 WIB] [ERROR] Query "stapler" nihil hasil (TIDAK DITEMUKAN).
[2026-05-22 18:11:37 WIB] [INFO] Mencoba query #5: "hechmachine"
[2026-05-22 18:11:39 WIB] [ERROR] Query "hechmachine" nihil hasil (TIDAK DITEMUKAN).
[2026-05-22 18:11:39 WIB] [INFO] Mencoba query #6: "stapler stapler"
[2026-05-22 18:11:43 WIB] [ERROR] Query "stapler stapler" nihil hasil (TIDAK DITEMUKAN).
[2026-05-22 18:11:45 WIB] [INFO] Memulai survei item [13/?]: "Tinta Stempel (Spesifikasi: 50 Ml)"
[2026-05-22 18:11:45 WIB] [QUERY] Daftar kata kunci yang dicoba: ["Tinta Stempel (Spesifikasi: 50 Ml)","tinta stempel 50 ml","tinta stempel","tinta","stempel"]
[2026-05-22 18:11:45 WIB] [INFO] Mencoba query #1: "Tinta Stempel (Spesifikasi: 50 Ml)"
[2026-05-22 18:11:49 WIB] [ERROR] Query "Tinta Stempel (Spesifikasi: 50 Ml)" nihil hasil (TIDAK DITEMUKAN).
[2026-05-22 18:11:49 WIB] [INFO] Mencoba query #2: "tinta stempel 50 ml"
[2026-05-22 18:11:57 WIB] [ERROR] Query "tinta stempel 50 ml" nihil hasil (TIDAK DITEMUKAN).
[2026-05-22 18:11:57 WIB] [INFO] Mencoba query #3: "tinta stempel"
[2026-05-22 18:12:07 WIB] [ERROR] Query "tinta stempel" nihil hasil (TIDAK DITEMUKAN).
[2026-05-22 18:12:07 WIB] [INFO] Mencoba query #4: "tinta"
[2026-05-22 18:12:16 WIB] [ERROR] Query "tinta" nihil hasil (TIDAK DITEMUKAN).
[2026-05-22 18:12:16 WIB] [INFO] Mencoba query #5: "stempel"
[2026-05-22 18:12:21 WIB] [ERROR] Query "stempel" nihil hasil (TIDAK DITEMUKAN).
[2026-05-22 18:12:26 WIB] [INFO] Memulai survei item [1/?]: "Alas Triplek (Spesifikasi: 6 Biji)"
[2026-05-22 18:12:26 WIB] [QUERY] Daftar kata kunci yang dicoba: ["Alas Triplek (Spesifikasi: 6 Biji)","6 biji","alas triplek 6 biji","alas triplek","alas","triplek"]
[2026-05-22 18:12:26 WIB] [INFO] Mencoba query #1: "Alas Triplek (Spesifikasi: 6 Biji)"
[2026-05-22 18:12:40 WIB] [ERROR] Query "Alas Triplek (Spesifikasi: 6 Biji)" nihil hasil (TIDAK DITEMUKAN).
[2026-05-22 18:12:40 WIB] [INFO] Mencoba query #2: "6 biji"
[2026-05-22 18:12:49 WIB] [ERROR] Query "6 biji" nihil hasil (TIDAK DITEMUKAN).
[2026-05-22 18:12:49 WIB] [INFO] Mencoba query #3: "alas triplek 6 biji"
[2026-05-22 18:12:52 WIB] [ERROR] Query "alas triplek 6 biji" nihil hasil (TIDAK DITEMUKAN).
[2026-05-22 18:12:52 WIB] [INFO] Mencoba query #4: "alas triplek"
[2026-05-22 18:12:57 WIB] [ERROR] Query "alas triplek" nihil hasil (TIDAK DITEMUKAN).
[2026-05-22 18:12:57 WIB] [INFO] Mencoba query #5: "alas"
[2026-05-22 18:13:02 WIB] [ERROR] Query "alas" nihil hasil (TIDAK DITEMUKAN).
[2026-05-22 18:13:02 WIB] [INFO] Mencoba query #6: "triplek"
[2026-05-22 18:13:08 WIB] [ERROR] Query "triplek" nihil hasil (TIDAK DITEMUKAN).
[2026-05-22 18:13:10 WIB] [INFO] Memulai survei item [2/?]: "Ballpoint / Ballpen / Pena (Spesifikasi: Ballpoint Baliner)"
[2026-05-22 18:13:10 WIB] [QUERY] Daftar kata kunci yang dicoba: ["Ballpoint / Ballpen / Pena (Spesifikasi: Ballpoint Baliner)","ballpoint baliner","pulpen baliner","pen baliner","ballpen ballpoint baliner","ballpen pulpen baliner"]
[2026-05-22 18:13:10 WIB] [INFO] Mencoba query #1: "Ballpoint / Ballpen / Pena (Spesifikasi: Ballpoint Baliner)"
[2026-05-22 18:13:20 WIB] [ERROR] Query "Ballpoint / Ballpen / Pena (Spesifikasi: Ballpoint Baliner)" nihil hasil (TIDAK DITEMUKAN).
[2026-05-22 18:13:20 WIB] [INFO] Mencoba query #2: "ballpoint baliner"
[2026-05-22 18:13:49 WIB] [ERROR] Query "ballpoint baliner" nihil hasil (TIDAK DITEMUKAN).
[2026-05-22 18:13:49 WIB] [INFO] Mencoba query #3: "pulpen baliner"
[2026-05-22 18:17:19 WIB] [INFO] Memulai survei item [1/?]: "Alas Triplek (Spesifikasi: 6 Biji)"
[2026-05-22 18:17:19 WIB] [QUERY] Daftar kata kunci yang dicoba: ["Alas Triplek (Spesifikasi: 6 Biji)","6 biji","alas triplek 6 biji","alas triplek","alas","triplek"]
[2026-05-22 18:17:19 WIB] [INFO] Mencoba query #1: "Alas Triplek (Spesifikasi: 6 Biji)"
[2026-05-22 18:17:24 WIB] [ERROR] Query "Alas Triplek (Spesifikasi: 6 Biji)" nihil hasil (TIDAK DITEMUKAN).
[2026-05-22 18:17:24 WIB] [INFO] Mencoba query #2: "6 biji"
[2026-05-22 18:17:32 WIB] [ERROR] Query "6 biji" nihil hasil (TIDAK DITEMUKAN).
[2026-05-22 18:17:32 WIB] [INFO] Mencoba query #3: "alas triplek 6 biji"
[2026-05-22 18:17:36 WIB] [ERROR] Query "alas triplek 6 biji" nihil hasil (TIDAK DITEMUKAN).
[2026-05-22 18:17:36 WIB] [INFO] Mencoba query #4: "alas triplek"
[2026-05-22 18:17:38 WIB] [ERROR] Query "alas triplek" nihil hasil (TIDAK DITEMUKAN).
[2026-05-22 18:17:38 WIB] [INFO] Mencoba query #5: "alas"
[2026-05-22 18:17:42 WIB] [ERROR] Query "alas" nihil hasil (TIDAK DITEMUKAN).
[2026-05-22 18:17:42 WIB] [INFO] Mencoba query #6: "triplek"
[2026-05-22 18:17:44 WIB] [ERROR] Query "triplek" nihil hasil (TIDAK DITEMUKAN).
[2026-05-22 18:17:46 WIB] [INFO] Memulai survei item [2/?]: "Ballpoint / Ballpen / Pena (Spesifikasi: Ballpoint Baliner)"
[2026-05-22 18:17:46 WIB] [QUERY] Daftar kata kunci yang dicoba: ["Ballpoint / Ballpen / Pena (Spesifikasi: Ballpoint Baliner)","ballpoint baliner","pulpen baliner","pen baliner","ballpen ballpoint baliner","ballpen pulpen baliner"]
[2026-05-22 18:17:46 WIB] [INFO] Mencoba query #1: "Ballpoint / Ballpen / Pena (Spesifikasi: Ballpoint Baliner)"
[2026-05-22 18:17:51 WIB] [ERROR] Query "Ballpoint / Ballpen / Pena (Spesifikasi: Ballpoint Baliner)" nihil hasil (TIDAK DITEMUKAN).
[2026-05-22 18:17:51 WIB] [INFO] Mencoba query #2: "ballpoint baliner"
[2026-05-22 18:17:55 WIB] [ERROR] Query "ballpoint baliner" nihil hasil (TIDAK DITEMUKAN).
[2026-05-22 18:17:55 WIB] [INFO] Mencoba query #3: "pulpen baliner"
[2026-05-22 18:18:03 WIB] [ERROR] Query "pulpen baliner" nihil hasil (TIDAK DITEMUKAN).
[2026-05-22 18:18:03 WIB] [INFO] Mencoba query #4: "pen baliner"
[2026-05-22 18:18:07 WIB] [ERROR] Query "pen baliner" nihil hasil (TIDAK DITEMUKAN).
[2026-05-22 18:18:07 WIB] [INFO] Mencoba query #5: "ballpen ballpoint baliner"
[2026-05-22 18:18:13 WIB] [ERROR] Query "ballpen ballpoint baliner" nihil hasil (TIDAK DITEMUKAN).
[2026-05-22 18:18:13 WIB] [INFO] Mencoba query #6: "ballpen pulpen baliner"
[2026-05-22 18:18:18 WIB] [ERROR] Query "ballpen pulpen baliner" nihil hasil (TIDAK DITEMUKAN).
[2026-05-22 18:18:20 WIB] [INFO] Memulai survei item [3/?]: "Ballpoint / Ballpen / Pena (Spesifikasi: Biasa, R6 Isi 12 Buah)"
[2026-05-22 18:18:20 WIB] [QUERY] Daftar kata kunci yang dicoba: ["Ballpoint / Ballpen / Pena (Spesifikasi: Biasa, R6 Isi 12 Buah)","biasa r6 isi 12","ballpoint biasa r6 isi 12","pulpen biasa r6 isi 12","pen biasa r6 isi 12","ballpen biasa r6 isi 12"]
[2026-05-22 18:18:20 WIB] [INFO] Mencoba query #1: "Ballpoint / Ballpen / Pena (Spesifikasi: Biasa, R6 Isi 12 Buah)"
[2026-05-22 18:18:22 WIB] [ERROR] Query "Ballpoint / Ballpen / Pena (Spesifikasi: Biasa, R6 Isi 12 Buah)" nihil hasil (TIDAK DITEMUKAN).
[2026-05-22 18:18:22 WIB] [INFO] Mencoba query #2: "biasa r6 isi 12"
[2026-05-22 18:18:25 WIB] [ERROR] Query "biasa r6 isi 12" nihil hasil (TIDAK DITEMUKAN).
[2026-05-22 18:18:25 WIB] [INFO] Mencoba query #3: "ballpoint biasa r6 isi 12"
[2026-05-22 18:18:28 WIB] [ERROR] Query "ballpoint biasa r6 isi 12" nihil hasil (TIDAK DITEMUKAN).
[2026-05-22 18:18:28 WIB] [INFO] Mencoba query #4: "pulpen biasa r6 isi 12"
[2026-05-22 18:18:39 WIB] [ERROR] Query "pulpen biasa r6 isi 12" nihil hasil (TIDAK DITEMUKAN).
[2026-05-22 18:18:39 WIB] [INFO] Mencoba query #5: "pen biasa r6 isi 12"
[2026-05-22 18:18:42 WIB] [ERROR] Query "pen biasa r6 isi 12" nihil hasil (TIDAK DITEMUKAN).
[2026-05-22 18:18:42 WIB] [INFO] Mencoba query #6: "ballpen biasa r6 isi 12"
[2026-05-22 18:18:48 WIB] [ERROR] Query "ballpen biasa r6 isi 12" nihil hasil (TIDAK DITEMUKAN).
[2026-05-22 18:18:50 WIB] [INFO] Memulai survei item [4/?]: "Bantalan Stempel (Spesifikasi: Biasa)"
[2026-05-22 18:18:50 WIB] [QUERY] Daftar kata kunci yang dicoba: ["Bantalan Stempel (Spesifikasi: Biasa)","bantalan stempel biasa","bantalan stempel","bantalan","stempel"]
[2026-05-22 18:18:50 WIB] [INFO] Mencoba query #1: "Bantalan Stempel (Spesifikasi: Biasa)"
[2026-05-22 18:18:51 WIB] [INFO] Memulai survei item [1/?]: "Alas Triplek (Spesifikasi: 6 Biji)"
[2026-05-22 18:18:51 WIB] [QUERY] Daftar kata kunci yang dicoba: ["Alas Triplek","alas triplek","alas","triplek","6 biji","alas triplek 6 biji"]
[2026-05-22 18:18:51 WIB] [INFO] Mencoba query #1: "Alas Triplek"
[2026-05-22 18:18:54 WIB] [ERROR] Query "Alas Triplek" nihil hasil (TIDAK DITEMUKAN).
[2026-05-22 18:18:54 WIB] [INFO] Mencoba query #2: "alas triplek"
[2026-05-22 18:18:54 WIB] [ERROR] Query "Bantalan Stempel (Spesifikasi: Biasa)" nihil hasil (TIDAK DITEMUKAN).
[2026-05-22 18:18:54 WIB] [INFO] Mencoba query #2: "bantalan stempel biasa"
[2026-05-22 18:18:57 WIB] [ERROR] Query "bantalan stempel biasa" nihil hasil (TIDAK DITEMUKAN).
[2026-05-22 18:18:57 WIB] [INFO] Mencoba query #3: "bantalan stempel"
[2026-05-22 18:18:57 WIB] [ERROR] Query "alas triplek" nihil hasil (TIDAK DITEMUKAN).
[2026-05-22 18:18:57 WIB] [INFO] Mencoba query #3: "alas"
[2026-05-22 18:19:03 WIB] [ERROR] Query "bantalan stempel" nihil hasil (TIDAK DITEMUKAN).
[2026-05-22 18:19:03 WIB] [INFO] Mencoba query #4: "bantalan"
[2026-05-22 18:19:07 WIB] [ERROR] Query "alas" nihil hasil (TIDAK DITEMUKAN).
[2026-05-22 18:19:07 WIB] [INFO] Mencoba query #4: "triplek"
[2026-05-22 18:19:18 WIB] [ERROR] Query "bantalan" nihil hasil (TIDAK DITEMUKAN).
[2026-05-22 18:19:18 WIB] [INFO] Mencoba query #5: "stempel"
[2026-05-22 18:19:19 WIB] [ERROR] Query "triplek" nihil hasil (TIDAK DITEMUKAN).
[2026-05-22 18:19:19 WIB] [INFO] Mencoba query #5: "6 biji"
[2026-05-22 18:19:21 WIB] [ERROR] Query "stempel" nihil hasil (TIDAK DITEMUKAN).
[2026-05-22 18:19:22 WIB] [ERROR] Query "6 biji" nihil hasil (TIDAK DITEMUKAN).
[2026-05-22 18:19:22 WIB] [INFO] Mencoba query #6: "alas triplek 6 biji"
[2026-05-22 18:19:23 WIB] [INFO] Memulai survei item [5/?]: "Gunting (Spesifikasi: Besar)"
[2026-05-22 18:19:23 WIB] [QUERY] Daftar kata kunci yang dicoba: ["Gunting (Spesifikasi: Besar)","gunting besar","gunting","gunting gunting"]
[2026-05-22 18:19:23 WIB] [INFO] Mencoba query #1: "Gunting (Spesifikasi: Besar)"
[2026-05-22 18:19:27 WIB] [ERROR] Query "alas triplek 6 biji" nihil hasil (TIDAK DITEMUKAN).
[2026-05-22 18:19:27 WIB] [ERROR] Query "Gunting (Spesifikasi: Besar)" nihil hasil (TIDAK DITEMUKAN).
[2026-05-22 18:19:27 WIB] [INFO] Mencoba query #2: "gunting besar"
[2026-05-22 18:19:32 WIB] [ERROR] Query "gunting besar" nihil hasil (TIDAK DITEMUKAN).
[2026-05-22 18:19:32 WIB] [INFO] Mencoba query #3: "gunting"
[2026-05-22 18:19:34 WIB] [ERROR] Query "gunting" nihil hasil (TIDAK DITEMUKAN).
[2026-05-22 18:19:34 WIB] [INFO] Mencoba query #4: "gunting gunting"
[2026-05-22 18:19:36 WIB] [ERROR] Query "gunting gunting" nihil hasil (TIDAK DITEMUKAN).
[2026-05-22 18:19:39 WIB] [INFO] Memulai survei item [6/?]: "Isi Staples (Spesifikasi: No. 10-1M)"
[2026-05-22 18:19:39 WIB] [QUERY] Daftar kata kunci yang dicoba: ["Isi Staples (Spesifikasi: No. 10-1M)","no 10 1m","isi staples no 10 1m","isi steples no 10 1m","isi penjepit kertas no 10 1m","isi stapler no 10 1m"]
[2026-05-22 18:19:39 WIB] [INFO] Mencoba query #1: "Isi Staples (Spesifikasi: No. 10-1M)"
[2026-05-22 18:19:45 WIB] [ERROR] Query "Isi Staples (Spesifikasi: No. 10-1M)" nihil hasil (TIDAK DITEMUKAN).
[2026-05-22 18:19:45 WIB] [INFO] Mencoba query #2: "no 10 1m"
[2026-05-22 18:19:48 WIB] [ERROR] Query "no 10 1m" nihil hasil (TIDAK DITEMUKAN).
[2026-05-22 18:19:48 WIB] [INFO] Mencoba query #3: "isi staples no 10 1m"
[2026-05-22 18:19:50 WIB] [ERROR] Query "isi staples no 10 1m" nihil hasil (TIDAK DITEMUKAN).
[2026-05-22 18:19:50 WIB] [INFO] Mencoba query #4: "isi steples no 10 1m"
[2026-05-22 18:19:52 WIB] [ERROR] Query "isi steples no 10 1m" nihil hasil (TIDAK DITEMUKAN).
[2026-05-22 18:19:52 WIB] [INFO] Mencoba query #5: "isi penjepit kertas no 10 1m"
[2026-05-22 18:19:54 WIB] [ERROR] Query "isi penjepit kertas no 10 1m" nihil hasil (TIDAK DITEMUKAN).
[2026-05-22 18:19:54 WIB] [INFO] Mencoba query #6: "isi stapler no 10 1m"
[2026-05-22 18:19:57 WIB] [ERROR] Query "isi stapler no 10 1m" nihil hasil (TIDAK DITEMUKAN).
[2026-05-22 18:19:59 WIB] [INFO] Memulai survei item [7/?]: "Isolasi Lakban (Spesifikasi: Hitam, Uk 46 mm x 12 m)"
[2026-05-22 18:19:59 WIB] [QUERY] Daftar kata kunci yang dicoba: ["Isolasi Lakban (Spesifikasi: Hitam, Uk 46 mm x 12 m)","hitam uk 46 mm x 12 m","isolasi lakban hitam uk 46 mm x 12 m","isolasi lakban","isolasi","lakban"]
[2026-05-22 18:19:59 WIB] [INFO] Mencoba query #1: "Isolasi Lakban (Spesifikasi: Hitam, Uk 46 mm x 12 m)"
[2026-05-22 18:20:01 WIB] [ERROR] Query "Isolasi Lakban (Spesifikasi: Hitam, Uk 46 mm x 12 m)" nihil hasil (TIDAK DITEMUKAN).
[2026-05-22 18:20:01 WIB] [INFO] Mencoba query #2: "hitam uk 46 mm x 12 m"
[2026-05-22 18:20:02 WIB] [ERROR] Query "hitam uk 46 mm x 12 m" nihil hasil (TIDAK DITEMUKAN).
[2026-05-22 18:20:02 WIB] [INFO] Mencoba query #3: "isolasi lakban hitam uk 46 mm x 12 m"
[2026-05-22 18:20:04 WIB] [ERROR] Query "isolasi lakban hitam uk 46 mm x 12 m" nihil hasil (TIDAK DITEMUKAN).
[2026-05-22 18:20:04 WIB] [INFO] Mencoba query #4: "isolasi lakban"
[2026-05-22 18:20:06 WIB] [ERROR] Query "isolasi lakban" nihil hasil (TIDAK DITEMUKAN).
[2026-05-22 18:20:06 WIB] [INFO] Mencoba query #5: "isolasi"
[2026-05-22 18:20:07 WIB] [ERROR] Query "isolasi" nihil hasil (TIDAK DITEMUKAN).
[2026-05-22 18:20:07 WIB] [INFO] Mencoba query #6: "lakban"
[2026-05-22 18:20:09 WIB] [ERROR] Query "lakban" nihil hasil (TIDAK DITEMUKAN).
[2026-05-22 18:20:11 WIB] [INFO] Memulai survei item [8/?]: "Lem (Spesifikasi: 20 Ml)"
[2026-05-22 18:20:11 WIB] [QUERY] Daftar kata kunci yang dicoba: ["Lem (Spesifikasi: 20 Ml)","lem 20 ml","lem","lem lem"]
[2026-05-22 18:20:11 WIB] [INFO] Mencoba query #1: "Lem (Spesifikasi: 20 Ml)"
[2026-05-22 18:20:12 WIB] [ERROR] Query "Lem (Spesifikasi: 20 Ml)" nihil hasil (TIDAK DITEMUKAN).
[2026-05-22 18:20:12 WIB] [INFO] Mencoba query #2: "lem 20 ml"
[2026-05-22 18:20:19 WIB] [ERROR] Query "lem 20 ml" nihil hasil (TIDAK DITEMUKAN).
[2026-05-22 18:20:19 WIB] [INFO] Mencoba query #3: "lem"
[2026-05-22 18:20:22 WIB] [ERROR] Query "lem" nihil hasil (TIDAK DITEMUKAN).
[2026-05-22 18:20:22 WIB] [INFO] Mencoba query #4: "lem lem"
[2026-05-22 18:20:27 WIB] [ERROR] Query "lem lem" nihil hasil (TIDAK DITEMUKAN).
[2026-05-22 18:20:29 WIB] [INFO] Memulai survei item [9/?]: "Map Dinas (Spesifikasi: Ukuran F4)"
[2026-05-22 18:20:29 WIB] [QUERY] Daftar kata kunci yang dicoba: ["Map Dinas (Spesifikasi: Ukuran F4)","map dinas f4","map dinas","map","dinas"]
[2026-05-22 18:20:29 WIB] [INFO] Mencoba query #1: "Map Dinas (Spesifikasi: Ukuran F4)"
[2026-05-22 18:20:31 WIB] [ERROR] Query "Map Dinas (Spesifikasi: Ukuran F4)" nihil hasil (TIDAK DITEMUKAN).
[2026-05-22 18:20:31 WIB] [INFO] Mencoba query #2: "map dinas f4"
[2026-05-22 18:20:34 WIB] [ERROR] Query "map dinas f4" nihil hasil (TIDAK DITEMUKAN).
[2026-05-22 18:20:34 WIB] [INFO] Mencoba query #3: "map dinas"
[2026-05-22 18:20:36 WIB] [ERROR] Query "map dinas" nihil hasil (TIDAK DITEMUKAN).
[2026-05-22 18:20:36 WIB] [INFO] Mencoba query #4: "map"
[2026-05-22 18:20:38 WIB] [ERROR] Query "map" nihil hasil (TIDAK DITEMUKAN).
[2026-05-22 18:20:38 WIB] [INFO] Mencoba query #5: "dinas"
[2026-05-22 18:20:39 WIB] [ERROR] Query "dinas" nihil hasil (TIDAK DITEMUKAN).
[2026-05-22 18:20:41 WIB] [INFO] Memulai survei item [10/?]: "Snelhecter Map (Spesifikasi: 5001, Isi 50 Buah)"
[2026-05-22 18:20:42 WIB] [QUERY] Daftar kata kunci yang dicoba: ["Snelhecter Map (Spesifikasi: 5001, Isi 50 Buah)","5001 isi 50","snelhecter map 5001 isi 50","snelhecter map","snelhecter","map"]
[2026-05-22 18:20:42 WIB] [INFO] Mencoba query #1: "Snelhecter Map (Spesifikasi: 5001, Isi 50 Buah)"
[2026-05-22 18:20:45 WIB] [ERROR] Query "Snelhecter Map (Spesifikasi: 5001, Isi 50 Buah)" nihil hasil (TIDAK DITEMUKAN).
[2026-05-22 18:20:45 WIB] [INFO] Mencoba query #2: "5001 isi 50"
[2026-05-22 18:20:52 WIB] [ERROR] Query "5001 isi 50" nihil hasil (TIDAK DITEMUKAN).
[2026-05-22 18:20:52 WIB] [INFO] Mencoba query #3: "snelhecter map 5001 isi 50"
[2026-05-22 18:20:56 WIB] [ERROR] Query "snelhecter map 5001 isi 50" nihil hasil (TIDAK DITEMUKAN).
[2026-05-22 18:20:56 WIB] [INFO] Mencoba query #4: "snelhecter map"
[2026-05-22 18:21:02 WIB] [ERROR] Query "snelhecter map" nihil hasil (TIDAK DITEMUKAN).
[2026-05-22 18:21:02 WIB] [INFO] Mencoba query #5: "snelhecter"
[2026-05-22 18:21:06 WIB] [ERROR] Query "snelhecter" nihil hasil (TIDAK DITEMUKAN).
[2026-05-22 18:21:06 WIB] [INFO] Mencoba query #6: "map"
[2026-05-22 18:21:09 WIB] [ERROR] Query "map" nihil hasil (TIDAK DITEMUKAN).
[2026-05-22 18:21:11 WIB] [INFO] Memulai survei item [11/?]: "Spidol (Spesifikasi: Besar)"
[2026-05-22 18:21:11 WIB] [QUERY] Daftar kata kunci yang dicoba: ["Spidol (Spesifikasi: Besar)","spidol besar","marker besar","pena besar","highlighter besar","spidol permanen besar"]
[2026-05-22 18:21:11 WIB] [INFO] Mencoba query #1: "Spidol (Spesifikasi: Besar)"
[2026-05-22 18:21:13 WIB] [ERROR] Query "Spidol (Spesifikasi: Besar)" nihil hasil (TIDAK DITEMUKAN).
[2026-05-22 18:21:13 WIB] [INFO] Mencoba query #2: "spidol besar"
[2026-05-22 18:21:15 WIB] [ERROR] Query "spidol besar" nihil hasil (TIDAK DITEMUKAN).
[2026-05-22 18:21:15 WIB] [INFO] Mencoba query #3: "marker besar"
[2026-05-22 18:21:16 WIB] [ERROR] Query "marker besar" nihil hasil (TIDAK DITEMUKAN).
[2026-05-22 18:21:16 WIB] [INFO] Mencoba query #4: "pena besar"
[2026-05-22 18:21:18 WIB] [ERROR] Query "pena besar" nihil hasil (TIDAK DITEMUKAN).
[2026-05-22 18:21:18 WIB] [INFO] Mencoba query #5: "highlighter besar"
[2026-05-22 18:21:23 WIB] [ERROR] Query "highlighter besar" nihil hasil (TIDAK DITEMUKAN).
[2026-05-22 18:21:23 WIB] [INFO] Mencoba query #6: "spidol permanen besar"
[2026-05-22 18:21:25 WIB] [ERROR] Query "spidol permanen besar" nihil hasil (TIDAK DITEMUKAN).
[2026-05-22 18:21:27 WIB] [INFO] Memulai survei item [12/?]: "Stapler/Hechmachine (Spesifikasi: Kecil)"
[2026-05-22 18:21:27 WIB] [QUERY] Daftar kata kunci yang dicoba: ["Stapler/Hechmachine (Spesifikasi: Kecil)","stapler kecil","hechmachine kecil","stapler","hechmachine","stapler stapler"]
[2026-05-22 18:21:27 WIB] [INFO] Mencoba query #1: "Stapler/Hechmachine (Spesifikasi: Kecil)"
[2026-05-22 18:21:29 WIB] [ERROR] Query "Stapler/Hechmachine (Spesifikasi: Kecil)" nihil hasil (TIDAK DITEMUKAN).
[2026-05-22 18:21:29 WIB] [INFO] Mencoba query #2: "stapler kecil"
[2026-05-22 18:21:33 WIB] [ERROR] Query "stapler kecil" nihil hasil (TIDAK DITEMUKAN).
[2026-05-22 18:21:33 WIB] [INFO] Mencoba query #3: "hechmachine kecil"
[2026-05-22 18:21:35 WIB] [ERROR] Query "hechmachine kecil" nihil hasil (TIDAK DITEMUKAN).
[2026-05-22 18:21:35 WIB] [INFO] Mencoba query #4: "stapler"
[2026-05-22 18:21:43 WIB] [ERROR] Query "stapler" nihil hasil (TIDAK DITEMUKAN).
[2026-05-22 18:21:43 WIB] [INFO] Mencoba query #5: "hechmachine"
[2026-05-22 18:21:48 WIB] [ERROR] Query "hechmachine" nihil hasil (TIDAK DITEMUKAN).
[2026-05-22 18:21:48 WIB] [INFO] Mencoba query #6: "stapler stapler"
[2026-05-22 18:21:50 WIB] [ERROR] Query "stapler stapler" nihil hasil (TIDAK DITEMUKAN).
[2026-05-22 18:21:52 WIB] [INFO] Memulai survei item [13/?]: "Tinta Stempel (Spesifikasi: 50 Ml)"
[2026-05-22 18:21:52 WIB] [QUERY] Daftar kata kunci yang dicoba: ["Tinta Stempel (Spesifikasi: 50 Ml)","tinta stempel 50 ml","tinta stempel","tinta","stempel"]
[2026-05-22 18:21:52 WIB] [INFO] Mencoba query #1: "Tinta Stempel (Spesifikasi: 50 Ml)"
[2026-05-22 18:21:57 WIB] [ERROR] Query "Tinta Stempel (Spesifikasi: 50 Ml)" nihil hasil (TIDAK DITEMUKAN).
[2026-05-22 18:21:57 WIB] [INFO] Mencoba query #2: "tinta stempel 50 ml"
[2026-05-22 18:21:59 WIB] [ERROR] Query "tinta stempel 50 ml" nihil hasil (TIDAK DITEMUKAN).
[2026-05-22 18:21:59 WIB] [INFO] Mencoba query #3: "tinta stempel"
[2026-05-22 18:22:00 WIB] [ERROR] Query "tinta stempel" nihil hasil (TIDAK DITEMUKAN).
[2026-05-22 18:22:00 WIB] [INFO] Mencoba query #4: "tinta"
[2026-05-22 18:22:03 WIB] [ERROR] Query "tinta" nihil hasil (TIDAK DITEMUKAN).
[2026-05-22 18:22:03 WIB] [INFO] Mencoba query #5: "stempel"
[2026-05-22 18:22:07 WIB] [ERROR] Query "stempel" nihil hasil (TIDAK DITEMUKAN).
[2026-05-22 18:56:41 WIB] [INFO] Memulai survei item [1/?]: "Alas Triplek"
[2026-05-22 18:56:41 WIB] [QUERY] Daftar kata kunci yang dicoba: ["Alas Triplek","alas triplek","alas","triplek"]
[2026-05-22 18:56:41 WIB] [INFO] Mencoba query #1: "Alas Triplek"
[2026-05-22 18:56:44 WIB] [ERROR] Query "Alas Triplek" nihil hasil (TIDAK DITEMUKAN).
[2026-05-22 18:56:44 WIB] [INFO] Mencoba query #2: "alas triplek"
[2026-05-22 18:56:47 WIB] [ERROR] Query "alas triplek" nihil hasil (TIDAK DITEMUKAN).
[2026-05-22 18:56:47 WIB] [INFO] Mencoba query #3: "alas"
[2026-05-22 18:56:49 WIB] [ERROR] Query "alas" nihil hasil (TIDAK DITEMUKAN).
[2026-05-22 18:56:49 WIB] [INFO] Mencoba query #4: "triplek"
[2026-05-22 18:56:51 WIB] [ERROR] Query "triplek" nihil hasil (TIDAK DITEMUKAN).
[2026-05-22 18:56:53 WIB] [INFO] Memulai survei item [2/?]: "Ballpoint / Ballpen / Pena (Spesifikasi: Ballpoint Baliner)"
[2026-05-22 18:56:53 WIB] [QUERY] Daftar kata kunci yang dicoba: ["Ballpoint / Ballpen / Pena (Spesifikasi: Ballpoint Baliner)","ballpoint baliner","pulpen baliner","pen baliner","ballpen ballpoint baliner","ballpen pulpen baliner"]
[2026-05-22 18:56:53 WIB] [INFO] Mencoba query #1: "Ballpoint / Ballpen / Pena (Spesifikasi: Ballpoint Baliner)"
[2026-05-22 18:57:04 WIB] [ERROR] Query "Ballpoint / Ballpen / Pena (Spesifikasi: Ballpoint Baliner)" nihil hasil (TIDAK DITEMUKAN).
[2026-05-22 18:57:04 WIB] [INFO] Mencoba query #2: "ballpoint baliner"
[2026-05-22 18:57:07 WIB] [ERROR] Query "ballpoint baliner" nihil hasil (TIDAK DITEMUKAN).
[2026-05-22 18:57:07 WIB] [INFO] Mencoba query #3: "pulpen baliner"
[2026-05-22 18:57:11 WIB] [ERROR] Query "pulpen baliner" nihil hasil (TIDAK DITEMUKAN).
[2026-05-22 18:57:11 WIB] [INFO] Mencoba query #4: "pen baliner"
[2026-05-22 18:57:14 WIB] [ERROR] Query "pen baliner" nihil hasil (TIDAK DITEMUKAN).
[2026-05-22 18:57:14 WIB] [INFO] Mencoba query #5: "ballpen ballpoint baliner"
[2026-05-22 18:57:18 WIB] [ERROR] Query "ballpen ballpoint baliner" nihil hasil (TIDAK DITEMUKAN).
[2026-05-22 18:57:18 WIB] [INFO] Mencoba query #6: "ballpen pulpen baliner"
[2026-05-22 18:57:21 WIB] [ERROR] Query "ballpen pulpen baliner" nihil hasil (TIDAK DITEMUKAN).
[2026-05-22 18:57:23 WIB] [INFO] Memulai survei item [3/?]: "Ballpoint / Ballpen / Pena (Spesifikasi: Biasa, R6 Isi 12 Buah)"
[2026-05-22 18:57:23 WIB] [QUERY] Daftar kata kunci yang dicoba: ["Ballpoint / Ballpen / Pena (Spesifikasi: Biasa, R6 Isi 12 Buah)","biasa r6 isi 12","ballpoint biasa r6 isi 12","pulpen biasa r6 isi 12","pen biasa r6 isi 12","ballpen biasa r6 isi 12"]
[2026-05-22 18:57:23 WIB] [INFO] Mencoba query #1: "Ballpoint / Ballpen / Pena (Spesifikasi: Biasa, R6 Isi 12 Buah)"
[2026-05-22 18:57:25 WIB] [ERROR] Query "Ballpoint / Ballpen / Pena (Spesifikasi: Biasa, R6 Isi 12 Buah)" nihil hasil (TIDAK DITEMUKAN).
[2026-05-22 18:57:25 WIB] [INFO] Mencoba query #2: "biasa r6 isi 12"
[2026-05-22 18:57:26 WIB] [ERROR] Query "biasa r6 isi 12" nihil hasil (TIDAK DITEMUKAN).
[2026-05-22 18:57:26 WIB] [INFO] Mencoba query #3: "ballpoint biasa r6 isi 12"
[2026-05-22 18:57:28 WIB] [ERROR] Query "ballpoint biasa r6 isi 12" nihil hasil (TIDAK DITEMUKAN).
[2026-05-22 18:57:28 WIB] [INFO] Mencoba query #4: "pulpen biasa r6 isi 12"
[2026-05-22 18:57:32 WIB] [ERROR] Query "pulpen biasa r6 isi 12" nihil hasil (TIDAK DITEMUKAN).
[2026-05-22 18:57:32 WIB] [INFO] Mencoba query #5: "pen biasa r6 isi 12"
[2026-05-22 18:57:34 WIB] [ERROR] Query "pen biasa r6 isi 12" nihil hasil (TIDAK DITEMUKAN).
[2026-05-22 18:57:34 WIB] [INFO] Mencoba query #6: "ballpen biasa r6 isi 12"
[2026-05-22 18:57:35 WIB] [ERROR] Query "ballpen biasa r6 isi 12" nihil hasil (TIDAK DITEMUKAN).
[2026-05-22 18:57:37 WIB] [INFO] Memulai survei item [4/?]: "Bantalan Stempel (Spesifikasi: Biasa)"
[2026-05-22 18:57:37 WIB] [QUERY] Daftar kata kunci yang dicoba: ["Bantalan Stempel (Spesifikasi: Biasa)","bantalan stempel biasa","bantalan stempel","bantalan","stempel"]
[2026-05-22 18:57:37 WIB] [INFO] Mencoba query #1: "Bantalan Stempel (Spesifikasi: Biasa)"
[2026-05-22 18:57:39 WIB] [ERROR] Query "Bantalan Stempel (Spesifikasi: Biasa)" nihil hasil (TIDAK DITEMUKAN).
[2026-05-22 18:57:39 WIB] [INFO] Mencoba query #2: "bantalan stempel biasa"
[2026-05-22 18:57:40 WIB] [ERROR] Query "bantalan stempel biasa" nihil hasil (TIDAK DITEMUKAN).
[2026-05-22 18:57:40 WIB] [INFO] Mencoba query #3: "bantalan stempel"
[2026-05-22 18:57:42 WIB] [ERROR] Query "bantalan stempel" nihil hasil (TIDAK DITEMUKAN).
[2026-05-22 18:57:42 WIB] [INFO] Mencoba query #4: "bantalan"
[2026-05-22 18:57:43 WIB] [ERROR] Query "bantalan" nihil hasil (TIDAK DITEMUKAN).
[2026-05-22 18:57:43 WIB] [INFO] Mencoba query #5: "stempel"
[2026-05-22 18:57:44 WIB] [ERROR] Query "stempel" nihil hasil (TIDAK DITEMUKAN).
[2026-05-22 18:57:46 WIB] [INFO] Memulai survei item [5/?]: "Gunting (Spesifikasi: Besar)"
[2026-05-22 18:57:46 WIB] [QUERY] Daftar kata kunci yang dicoba: ["Gunting (Spesifikasi: Besar)","gunting besar","gunting","gunting gunting"]
[2026-05-22 18:57:46 WIB] [INFO] Mencoba query #1: "Gunting (Spesifikasi: Besar)"
[2026-05-22 18:57:48 WIB] [ERROR] Query "Gunting (Spesifikasi: Besar)" nihil hasil (TIDAK DITEMUKAN).
[2026-05-22 18:57:48 WIB] [INFO] Mencoba query #2: "gunting besar"
[2026-05-22 18:57:49 WIB] [ERROR] Query "gunting besar" nihil hasil (TIDAK DITEMUKAN).
[2026-05-22 18:57:49 WIB] [INFO] Mencoba query #3: "gunting"
[2026-05-22 18:57:51 WIB] [ERROR] Query "gunting" nihil hasil (TIDAK DITEMUKAN).
[2026-05-22 18:57:51 WIB] [INFO] Mencoba query #4: "gunting gunting"
[2026-05-22 18:57:52 WIB] [ERROR] Query "gunting gunting" nihil hasil (TIDAK DITEMUKAN).
[2026-05-22 18:57:54 WIB] [INFO] Memulai survei item [6/?]: "Isi Staples (Spesifikasi: No. 10-1M)"
[2026-05-22 18:57:54 WIB] [QUERY] Daftar kata kunci yang dicoba: ["Isi Staples (Spesifikasi: No. 10-1M)","no 10 1m","isi staples no 10 1m","isi steples no 10 1m","isi penjepit kertas no 10 1m","isi stapler no 10 1m"]
[2026-05-22 18:57:54 WIB] [INFO] Mencoba query #1: "Isi Staples (Spesifikasi: No. 10-1M)"
[2026-05-22 18:57:56 WIB] [ERROR] Query "Isi Staples (Spesifikasi: No. 10-1M)" nihil hasil (TIDAK DITEMUKAN).
[2026-05-22 18:57:56 WIB] [INFO] Mencoba query #2: "no 10 1m"
[2026-05-22 18:57:57 WIB] [ERROR] Query "no 10 1m" nihil hasil (TIDAK DITEMUKAN).
[2026-05-22 18:57:57 WIB] [INFO] Mencoba query #3: "isi staples no 10 1m"
[2026-05-22 18:57:58 WIB] [ERROR] Query "isi staples no 10 1m" nihil hasil (TIDAK DITEMUKAN).
[2026-05-22 18:57:58 WIB] [INFO] Mencoba query #4: "isi steples no 10 1m"
[2026-05-22 18:58:00 WIB] [ERROR] Query "isi steples no 10 1m" nihil hasil (TIDAK DITEMUKAN).
[2026-05-22 18:58:00 WIB] [INFO] Mencoba query #5: "isi penjepit kertas no 10 1m"
[2026-05-22 18:58:02 WIB] [ERROR] Query "isi penjepit kertas no 10 1m" nihil hasil (TIDAK DITEMUKAN).
[2026-05-22 18:58:02 WIB] [INFO] Mencoba query #6: "isi stapler no 10 1m"
[2026-05-22 18:58:06 WIB] [ERROR] Query "isi stapler no 10 1m" nihil hasil (TIDAK DITEMUKAN).
[2026-05-22 18:58:08 WIB] [INFO] Memulai survei item [7/?]: "Isolasi Lakban (Spesifikasi: Hitam, Uk 46 mm x 12 m)"
[2026-05-22 18:58:08 WIB] [QUERY] Daftar kata kunci yang dicoba: ["Isolasi Lakban (Spesifikasi: Hitam, Uk 46 mm x 12 m)","hitam uk 46 mm x 12 m","isolasi lakban hitam uk 46 mm x 12 m","isolasi lakban","isolasi","lakban"]
[2026-05-22 18:58:08 WIB] [INFO] Mencoba query #1: "Isolasi Lakban (Spesifikasi: Hitam, Uk 46 mm x 12 m)"
[2026-05-22 18:58:09 WIB] [ERROR] Query "Isolasi Lakban (Spesifikasi: Hitam, Uk 46 mm x 12 m)" nihil hasil (TIDAK DITEMUKAN).
[2026-05-22 18:58:09 WIB] [INFO] Mencoba query #2: "hitam uk 46 mm x 12 m"
[2026-05-22 18:58:10 WIB] [ERROR] Query "hitam uk 46 mm x 12 m" nihil hasil (TIDAK DITEMUKAN).
[2026-05-22 18:58:10 WIB] [INFO] Mencoba query #3: "isolasi lakban hitam uk 46 mm x 12 m"
[2026-05-22 18:58:12 WIB] [ERROR] Query "isolasi lakban hitam uk 46 mm x 12 m" nihil hasil (TIDAK DITEMUKAN).
[2026-05-22 18:58:12 WIB] [INFO] Mencoba query #4: "isolasi lakban"
[2026-05-22 18:58:13 WIB] [ERROR] Query "isolasi lakban" nihil hasil (TIDAK DITEMUKAN).
[2026-05-22 18:58:13 WIB] [INFO] Mencoba query #5: "isolasi"
[2026-05-22 18:58:14 WIB] [ERROR] Query "isolasi" nihil hasil (TIDAK DITEMUKAN).
[2026-05-22 18:58:14 WIB] [INFO] Mencoba query #6: "lakban"
[2026-05-22 18:58:16 WIB] [ERROR] Query "lakban" nihil hasil (TIDAK DITEMUKAN).
[2026-05-22 18:58:18 WIB] [INFO] Memulai survei item [8/?]: "Lem (Spesifikasi: 20 Ml)"
[2026-05-22 18:58:18 WIB] [QUERY] Daftar kata kunci yang dicoba: ["Lem (Spesifikasi: 20 Ml)","lem 20 ml","lem","lem lem"]
[2026-05-22 18:58:18 WIB] [INFO] Mencoba query #1: "Lem (Spesifikasi: 20 Ml)"
[2026-05-22 18:58:19 WIB] [ERROR] Query "Lem (Spesifikasi: 20 Ml)" nihil hasil (TIDAK DITEMUKAN).
[2026-05-22 18:58:19 WIB] [INFO] Mencoba query #2: "lem 20 ml"
[2026-05-22 18:58:21 WIB] [ERROR] Query "lem 20 ml" nihil hasil (TIDAK DITEMUKAN).
[2026-05-22 18:58:21 WIB] [INFO] Mencoba query #3: "lem"
[2026-05-22 18:58:22 WIB] [ERROR] Query "lem" nihil hasil (TIDAK DITEMUKAN).
[2026-05-22 18:58:22 WIB] [INFO] Mencoba query #4: "lem lem"
[2026-05-22 18:58:23 WIB] [ERROR] Query "lem lem" nihil hasil (TIDAK DITEMUKAN).
[2026-05-22 18:58:25 WIB] [INFO] Memulai survei item [9/?]: "Map Dinas (Spesifikasi: Ukuran F4)"
[2026-05-22 18:58:25 WIB] [QUERY] Daftar kata kunci yang dicoba: ["Map Dinas (Spesifikasi: Ukuran F4)","map dinas f4","map dinas","map","dinas"]
[2026-05-22 18:58:25 WIB] [INFO] Mencoba query #1: "Map Dinas (Spesifikasi: Ukuran F4)"
[2026-05-22 18:58:27 WIB] [ERROR] Query "Map Dinas (Spesifikasi: Ukuran F4)" nihil hasil (TIDAK DITEMUKAN).
[2026-05-22 18:58:27 WIB] [INFO] Mencoba query #2: "map dinas f4"
[2026-05-22 18:58:28 WIB] [ERROR] Query "map dinas f4" nihil hasil (TIDAK DITEMUKAN).
[2026-05-22 18:58:28 WIB] [INFO] Mencoba query #3: "map dinas"
[2026-05-22 18:58:29 WIB] [ERROR] Query "map dinas" nihil hasil (TIDAK DITEMUKAN).
[2026-05-22 18:58:29 WIB] [INFO] Mencoba query #4: "map"
[2026-05-22 18:58:31 WIB] [ERROR] Query "map" nihil hasil (TIDAK DITEMUKAN).
[2026-05-22 18:58:31 WIB] [INFO] Mencoba query #5: "dinas"
[2026-05-22 18:58:32 WIB] [ERROR] Query "dinas" nihil hasil (TIDAK DITEMUKAN).
[2026-05-22 18:58:35 WIB] [INFO] Memulai survei item [10/?]: "Snelhecter Map (Spesifikasi: 5001, Isi 50 Buah)"
[2026-05-22 18:58:35 WIB] [QUERY] Daftar kata kunci yang dicoba: ["Snelhecter Map (Spesifikasi: 5001, Isi 50 Buah)","5001 isi 50","snelhecter map 5001 isi 50","snelhecter map","snelhecter","map"]
[2026-05-22 18:58:35 WIB] [INFO] Mencoba query #1: "Snelhecter Map (Spesifikasi: 5001, Isi 50 Buah)"
[2026-05-22 18:58:41 WIB] [ERROR] Query "Snelhecter Map (Spesifikasi: 5001, Isi 50 Buah)" nihil hasil (TIDAK DITEMUKAN).
[2026-05-22 18:58:41 WIB] [INFO] Mencoba query #2: "5001 isi 50"
[2026-05-22 18:58:43 WIB] [ERROR] Query "5001 isi 50" nihil hasil (TIDAK DITEMUKAN).
[2026-05-22 18:58:43 WIB] [INFO] Mencoba query #3: "snelhecter map 5001 isi 50"
[2026-05-22 18:58:46 WIB] [ERROR] Query "snelhecter map 5001 isi 50" nihil hasil (TIDAK DITEMUKAN).
[2026-05-22 18:58:46 WIB] [INFO] Mencoba query #4: "snelhecter map"
[2026-05-22 18:58:50 WIB] [ERROR] Query "snelhecter map" nihil hasil (TIDAK DITEMUKAN).
[2026-05-22 18:58:50 WIB] [INFO] Mencoba query #5: "snelhecter"
[2026-05-22 18:58:53 WIB] [ERROR] Query "snelhecter" nihil hasil (TIDAK DITEMUKAN).
[2026-05-22 18:58:53 WIB] [INFO] Mencoba query #6: "map"
[2026-05-22 18:58:56 WIB] [ERROR] Query "map" nihil hasil (TIDAK DITEMUKAN).
[2026-05-22 18:58:58 WIB] [INFO] Memulai survei item [11/?]: "Spidol (Spesifikasi: Besar)"
[2026-05-22 18:58:58 WIB] [QUERY] Daftar kata kunci yang dicoba: ["Spidol (Spesifikasi: Besar)","spidol besar","marker besar","pena besar","highlighter besar","spidol permanen besar"]
[2026-05-22 18:58:58 WIB] [INFO] Mencoba query #1: "Spidol (Spesifikasi: Besar)"
[2026-05-22 18:58:59 WIB] [ERROR] Query "Spidol (Spesifikasi: Besar)" nihil hasil (TIDAK DITEMUKAN).
[2026-05-22 18:58:59 WIB] [INFO] Mencoba query #2: "spidol besar"
[2026-05-22 18:59:01 WIB] [ERROR] Query "spidol besar" nihil hasil (TIDAK DITEMUKAN).
[2026-05-22 18:59:01 WIB] [INFO] Mencoba query #3: "marker besar"
[2026-05-22 18:59:02 WIB] [ERROR] Query "marker besar" nihil hasil (TIDAK DITEMUKAN).
[2026-05-22 18:59:02 WIB] [INFO] Mencoba query #4: "pena besar"
[2026-05-22 18:59:04 WIB] [ERROR] Query "pena besar" nihil hasil (TIDAK DITEMUKAN).
[2026-05-22 18:59:04 WIB] [INFO] Mencoba query #5: "highlighter besar"
[2026-05-22 18:59:05 WIB] [ERROR] Query "highlighter besar" nihil hasil (TIDAK DITEMUKAN).
[2026-05-22 18:59:05 WIB] [INFO] Mencoba query #6: "spidol permanen besar"
[2026-05-22 18:59:07 WIB] [ERROR] Query "spidol permanen besar" nihil hasil (TIDAK DITEMUKAN).
[2026-05-22 18:59:12 WIB] [INFO] Memulai survei item [12/?]: "Stapler/Hechmachine (Spesifikasi: Kecil)"
[2026-05-22 18:59:12 WIB] [QUERY] Daftar kata kunci yang dicoba: ["Stapler/Hechmachine (Spesifikasi: Kecil)","stapler kecil","hechmachine kecil","stapler","hechmachine","stapler stapler"]
[2026-05-22 18:59:12 WIB] [INFO] Mencoba query #1: "Stapler/Hechmachine (Spesifikasi: Kecil)"
[2026-05-22 18:59:13 WIB] [ERROR] Query "Stapler/Hechmachine (Spesifikasi: Kecil)" nihil hasil (TIDAK DITEMUKAN).
[2026-05-22 18:59:13 WIB] [INFO] Mencoba query #2: "stapler kecil"
[2026-05-22 18:59:15 WIB] [ERROR] Query "stapler kecil" nihil hasil (TIDAK DITEMUKAN).
[2026-05-22 18:59:15 WIB] [INFO] Mencoba query #3: "hechmachine kecil"
[2026-05-22 18:59:16 WIB] [ERROR] Query "hechmachine kecil" nihil hasil (TIDAK DITEMUKAN).
[2026-05-22 18:59:16 WIB] [INFO] Mencoba query #4: "stapler"
[2026-05-22 18:59:17 WIB] [ERROR] Query "stapler" nihil hasil (TIDAK DITEMUKAN).
[2026-05-22 18:59:17 WIB] [INFO] Mencoba query #5: "hechmachine"
[2026-05-22 18:59:19 WIB] [ERROR] Query "hechmachine" nihil hasil (TIDAK DITEMUKAN).
[2026-05-22 18:59:19 WIB] [INFO] Mencoba query #6: "stapler stapler"
[2026-05-22 18:59:20 WIB] [ERROR] Query "stapler stapler" nihil hasil (TIDAK DITEMUKAN).
[2026-05-22 18:59:22 WIB] [INFO] Memulai survei item [13/?]: "Tinta Stempel (Spesifikasi: 50 Ml)"
[2026-05-22 18:59:22 WIB] [QUERY] Daftar kata kunci yang dicoba: ["Tinta Stempel (Spesifikasi: 50 Ml)","tinta stempel 50 ml","tinta stempel","tinta","stempel"]
[2026-05-22 18:59:22 WIB] [INFO] Mencoba query #1: "Tinta Stempel (Spesifikasi: 50 Ml)"
[2026-05-22 18:59:23 WIB] [ERROR] Query "Tinta Stempel (Spesifikasi: 50 Ml)" nihil hasil (TIDAK DITEMUKAN).
[2026-05-22 18:59:23 WIB] [INFO] Mencoba query #2: "tinta stempel 50 ml"
[2026-05-22 18:59:25 WIB] [ERROR] Query "tinta stempel 50 ml" nihil hasil (TIDAK DITEMUKAN).
[2026-05-22 18:59:25 WIB] [INFO] Mencoba query #3: "tinta stempel"
[2026-05-22 18:59:26 WIB] [ERROR] Query "tinta stempel" nihil hasil (TIDAK DITEMUKAN).
[2026-05-22 18:59:26 WIB] [INFO] Mencoba query #4: "tinta"
[2026-05-22 18:59:28 WIB] [ERROR] Query "tinta" nihil hasil (TIDAK DITEMUKAN).
[2026-05-22 18:59:28 WIB] [INFO] Mencoba query #5: "stempel"
[2026-05-22 18:59:29 WIB] [ERROR] Query "stempel" nihil hasil (TIDAK DITEMUKAN).
[2026-05-22 19:05:40 WIB] [INFO] Memulai survei item [1/?]: "Ballpoint / Ballpen / Pena (Spesifikasi: Ballpoint Baliner)"
[2026-05-22 19:05:40 WIB] [QUERY] Daftar kata kunci yang dicoba: ["Ballpoint Baliner"]
[2026-05-22 19:05:40 WIB] [INFO] Mencoba query #1: "Ballpoint Baliner"
[2026-05-22 19:05:42 WIB] [ERROR] Query "Ballpoint Baliner" nihil hasil (TIDAK DITEMUKAN).
[2026-05-22 19:05:44 WIB] [INFO] Memulai survei item [2/?]: "Ballpoint / Ballpen / Pena (Spesifikasi: Biasa, R6 Isi 12 Buah)"
[2026-05-22 19:05:44 WIB] [QUERY] Daftar kata kunci yang dicoba: ["Ballpoint"]
[2026-05-22 19:05:44 WIB] [INFO] Mencoba query #1: "Ballpoint"
[2026-05-22 19:05:46 WIB] [ERROR] Query "Ballpoint" nihil hasil (TIDAK DITEMUKAN).
[2026-05-22 19:05:52 WIB] [INFO] Memulai survei item [3/?]: "Bantalan Stempel (Spesifikasi: Biasa)"
[2026-05-22 19:05:52 WIB] [QUERY] Daftar kata kunci yang dicoba: ["Bantalan Stempel"]
[2026-05-22 19:05:52 WIB] [INFO] Mencoba query #1: "Bantalan Stempel"
[2026-05-22 19:05:53 WIB] [ERROR] Query "Bantalan Stempel" nihil hasil (TIDAK DITEMUKAN).
[2026-05-22 19:05:55 WIB] [INFO] Memulai survei item [4/?]: "Gunting (Spesifikasi: Besar)"
[2026-05-22 19:05:55 WIB] [QUERY] Daftar kata kunci yang dicoba: ["Gunting"]
[2026-05-22 19:05:55 WIB] [INFO] Mencoba query #1: "Gunting"
[2026-05-22 19:05:57 WIB] [ERROR] Query "Gunting" nihil hasil (TIDAK DITEMUKAN).
[2026-05-22 19:05:59 WIB] [INFO] Memulai survei item [5/?]: "Isi Staples (Spesifikasi: No. 10-1M)"
[2026-05-22 19:05:59 WIB] [QUERY] Daftar kata kunci yang dicoba: ["Isi Staples"]
[2026-05-22 19:05:59 WIB] [INFO] Mencoba query #1: "Isi Staples"
[2026-05-22 19:06:00 WIB] [ERROR] Query "Isi Staples" nihil hasil (TIDAK DITEMUKAN).
[2026-05-22 19:06:02 WIB] [INFO] Memulai survei item [6/?]: "Isolasi Lakban (Spesifikasi: Hitam, Uk 46 mm x 12 m)"
[2026-05-22 19:06:02 WIB] [QUERY] Daftar kata kunci yang dicoba: ["Isolasi Lakban"]
[2026-05-22 19:06:02 WIB] [INFO] Mencoba query #1: "Isolasi Lakban"
[2026-05-22 19:06:04 WIB] [ERROR] Query "Isolasi Lakban" nihil hasil (TIDAK DITEMUKAN).
[2026-05-22 19:06:06 WIB] [INFO] Memulai survei item [7/?]: "Lem (Spesifikasi: 20 Ml)"
[2026-05-22 19:06:06 WIB] [QUERY] Daftar kata kunci yang dicoba: ["Lem"]
[2026-05-22 19:06:06 WIB] [INFO] Mencoba query #1: "Lem"
[2026-05-22 19:06:07 WIB] [ERROR] Query "Lem" nihil hasil (TIDAK DITEMUKAN).
[2026-05-22 19:06:09 WIB] [INFO] Memulai survei item [8/?]: "Map Dinas (Spesifikasi: Ukuran F4)"
[2026-05-22 19:06:09 WIB] [QUERY] Daftar kata kunci yang dicoba: ["Map Dinas"]
[2026-05-22 19:06:09 WIB] [INFO] Mencoba query #1: "Map Dinas"
[2026-05-22 19:06:10 WIB] [ERROR] Query "Map Dinas" nihil hasil (TIDAK DITEMUKAN).
[2026-05-22 19:06:12 WIB] [INFO] Memulai survei item [9/?]: "Snelhecter Map (Spesifikasi: 5001, Isi 50 Buah)"
[2026-05-22 19:06:12 WIB] [QUERY] Daftar kata kunci yang dicoba: ["Snelhecter Map"]
[2026-05-22 19:06:12 WIB] [INFO] Mencoba query #1: "Snelhecter Map"
[2026-05-22 19:06:14 WIB] [ERROR] Query "Snelhecter Map" nihil hasil (TIDAK DITEMUKAN).
[2026-05-22 19:06:16 WIB] [INFO] Memulai survei item [10/?]: "Spidol (Spesifikasi: Besar)"
[2026-05-22 19:06:16 WIB] [QUERY] Daftar kata kunci yang dicoba: ["Spidol"]
[2026-05-22 19:06:16 WIB] [INFO] Mencoba query #1: "Spidol"
[2026-05-22 19:06:17 WIB] [ERROR] Query "Spidol" nihil hasil (TIDAK DITEMUKAN).
[2026-05-22 19:06:19 WIB] [INFO] Memulai survei item [11/?]: "Stapler/Hechmachine (Spesifikasi: Kecil)"
[2026-05-22 19:06:19 WIB] [QUERY] Daftar kata kunci yang dicoba: ["Stapler/Hechmachine"]
[2026-05-22 19:06:19 WIB] [INFO] Mencoba query #1: "Stapler/Hechmachine"
[2026-05-22 19:06:21 WIB] [ERROR] Query "Stapler/Hechmachine" nihil hasil (TIDAK DITEMUKAN).
[2026-05-22 19:06:26 WIB] [INFO] Memulai survei item [12/?]: "Tinta Stempel (Spesifikasi: 50 Ml)"
[2026-05-22 19:06:26 WIB] [QUERY] Daftar kata kunci yang dicoba: ["Tinta Stempel"]
[2026-05-22 19:06:26 WIB] [INFO] Mencoba query #1: "Tinta Stempel"
[2026-05-22 19:06:28 WIB] [ERROR] Query "Tinta Stempel" nihil hasil (TIDAK DITEMUKAN).
[2026-05-22 19:07:02 WIB] [INFO] Memulai survei item [1/?]: "Ballpoint / Ballpen / Pena (Spesifikasi: Ballpoint Baliner)"
[2026-05-22 19:07:02 WIB] [QUERY] Daftar kata kunci yang dicoba: ["Ballpoint Baliner"]
[2026-05-22 19:07:02 WIB] [INFO] Mencoba query #1: "Ballpoint Baliner"
[2026-05-22 19:07:03 WIB] [ERROR] Query "Ballpoint Baliner" nihil hasil (TIDAK DITEMUKAN).
[2026-05-22 19:07:05 WIB] [INFO] Memulai survei item [2/?]: "Ballpoint / Ballpen / Pena (Spesifikasi: Biasa, R6 Isi 12 Buah)"
[2026-05-22 19:07:05 WIB] [QUERY] Daftar kata kunci yang dicoba: ["Ballpoint"]
[2026-05-22 19:07:05 WIB] [INFO] Mencoba query #1: "Ballpoint"
[2026-05-22 19:07:07 WIB] [ERROR] Query "Ballpoint" nihil hasil (TIDAK DITEMUKAN).
[2026-05-22 19:07:09 WIB] [INFO] Memulai survei item [3/?]: "Bantalan Stempel (Spesifikasi: Biasa)"
[2026-05-22 19:07:09 WIB] [QUERY] Daftar kata kunci yang dicoba: ["Bantalan Stempel"]
[2026-05-22 19:07:09 WIB] [INFO] Mencoba query #1: "Bantalan Stempel"
[2026-05-22 19:07:11 WIB] [ERROR] Query "Bantalan Stempel" nihil hasil (TIDAK DITEMUKAN).
[2026-05-22 19:07:13 WIB] [INFO] Memulai survei item [4/?]: "Gunting (Spesifikasi: Besar)"
[2026-05-22 19:07:13 WIB] [QUERY] Daftar kata kunci yang dicoba: ["Gunting"]
[2026-05-22 19:07:13 WIB] [INFO] Mencoba query #1: "Gunting"
[2026-05-22 19:07:14 WIB] [ERROR] Query "Gunting" nihil hasil (TIDAK DITEMUKAN).
[2026-05-22 19:07:16 WIB] [INFO] Memulai survei item [5/?]: "Isi Staples (Spesifikasi: No. 10-1M)"
[2026-05-22 19:07:16 WIB] [QUERY] Daftar kata kunci yang dicoba: ["Isi Staples"]
[2026-05-22 19:07:16 WIB] [INFO] Mencoba query #1: "Isi Staples"
[2026-05-22 19:07:18 WIB] [ERROR] Query "Isi Staples" nihil hasil (TIDAK DITEMUKAN).
[2026-05-22 19:07:20 WIB] [INFO] Memulai survei item [6/?]: "Isolasi Lakban (Spesifikasi: Hitam, Uk 46 mm x 12 m)"
[2026-05-22 19:07:20 WIB] [QUERY] Daftar kata kunci yang dicoba: ["Isolasi Lakban"]
[2026-05-22 19:07:20 WIB] [INFO] Mencoba query #1: "Isolasi Lakban"
[2026-05-22 19:07:21 WIB] [ERROR] Query "Isolasi Lakban" nihil hasil (TIDAK DITEMUKAN).
[2026-05-22 19:07:23 WIB] [INFO] Memulai survei item [7/?]: "Lem (Spesifikasi: 20 Ml)"
[2026-05-22 19:07:23 WIB] [QUERY] Daftar kata kunci yang dicoba: ["Lem"]
[2026-05-22 19:07:23 WIB] [INFO] Mencoba query #1: "Lem"
[2026-05-22 19:07:25 WIB] [ERROR] Query "Lem" nihil hasil (TIDAK DITEMUKAN).
[2026-05-22 19:07:27 WIB] [INFO] Memulai survei item [8/?]: "Map Dinas (Spesifikasi: Ukuran F4)"
[2026-05-22 19:07:27 WIB] [QUERY] Daftar kata kunci yang dicoba: ["Map Dinas"]
[2026-05-22 19:07:27 WIB] [INFO] Mencoba query #1: "Map Dinas"
[2026-05-22 19:07:30 WIB] [ERROR] Query "Map Dinas" nihil hasil (TIDAK DITEMUKAN).
[2026-05-22 19:07:32 WIB] [INFO] Memulai survei item [9/?]: "Snelhecter Map (Spesifikasi: 5001, Isi 50 Buah)"
[2026-05-22 19:07:32 WIB] [QUERY] Daftar kata kunci yang dicoba: ["Snelhecter Map"]
[2026-05-22 19:07:32 WIB] [INFO] Mencoba query #1: "Snelhecter Map"
[2026-05-22 19:07:33 WIB] [ERROR] Query "Snelhecter Map" nihil hasil (TIDAK DITEMUKAN).
[2026-05-22 19:07:35 WIB] [INFO] Memulai survei item [10/?]: "Spidol (Spesifikasi: Besar)"
[2026-05-22 19:07:35 WIB] [QUERY] Daftar kata kunci yang dicoba: ["Spidol"]
[2026-05-22 19:07:35 WIB] [INFO] Mencoba query #1: "Spidol"
[2026-05-22 19:07:36 WIB] [ERROR] Query "Spidol" nihil hasil (TIDAK DITEMUKAN).
[2026-05-22 19:07:38 WIB] [INFO] Memulai survei item [11/?]: "Stapler/Hechmachine (Spesifikasi: Kecil)"
[2026-05-22 19:07:38 WIB] [QUERY] Daftar kata kunci yang dicoba: ["Stapler/Hechmachine"]
[2026-05-22 19:07:38 WIB] [INFO] Mencoba query #1: "Stapler/Hechmachine"
[2026-05-22 19:07:40 WIB] [ERROR] Query "Stapler/Hechmachine" nihil hasil (TIDAK DITEMUKAN).
[2026-05-22 19:07:42 WIB] [INFO] Memulai survei item [12/?]: "Tinta Stempel (Spesifikasi: 50 Ml)"
[2026-05-22 19:07:42 WIB] [QUERY] Daftar kata kunci yang dicoba: ["Tinta Stempel"]
[2026-05-22 19:07:42 WIB] [INFO] Mencoba query #1: "Tinta Stempel"
[2026-05-22 19:07:43 WIB] [ERROR] Query "Tinta Stempel" nihil hasil (TIDAK DITEMUKAN).
[2026-05-22 19:07:58 WIB] [INFO] Memulai survei item [1/?]: "Ballpoint / Ballpen / Pena (Spesifikasi: Ballpoint Baliner)"
[2026-05-22 19:07:58 WIB] [QUERY] Daftar kata kunci yang dicoba: ["Ballpoint Baliner"]
[2026-05-22 19:07:58 WIB] [INFO] Mencoba query #1: "Ballpoint Baliner"
[2026-05-22 19:08:00 WIB] [ERROR] Query "Ballpoint Baliner" nihil hasil (TIDAK DITEMUKAN).
[2026-05-22 19:08:02 WIB] [INFO] Memulai survei item [2/?]: "Ballpoint / Ballpen / Pena (Spesifikasi: Biasa, R6 Isi 12 Buah)"
[2026-05-22 19:08:02 WIB] [QUERY] Daftar kata kunci yang dicoba: ["Ballpoint"]
[2026-05-22 19:08:02 WIB] [INFO] Mencoba query #1: "Ballpoint"
[2026-05-22 19:08:06 WIB] [ERROR] Query "Ballpoint" nihil hasil (TIDAK DITEMUKAN).
[2026-05-22 19:08:08 WIB] [INFO] Memulai survei item [3/?]: "Bantalan Stempel (Spesifikasi: Biasa)"
[2026-05-22 19:08:08 WIB] [QUERY] Daftar kata kunci yang dicoba: ["Bantalan Stempel"]
[2026-05-22 19:08:08 WIB] [INFO] Mencoba query #1: "Bantalan Stempel"
[2026-05-22 19:08:10 WIB] [ERROR] Query "Bantalan Stempel" nihil hasil (TIDAK DITEMUKAN).
[2026-05-22 19:08:12 WIB] [INFO] Memulai survei item [4/?]: "Gunting (Spesifikasi: Besar)"
[2026-05-22 19:08:12 WIB] [QUERY] Daftar kata kunci yang dicoba: ["Gunting"]
[2026-05-22 19:08:12 WIB] [INFO] Mencoba query #1: "Gunting"
[2026-05-22 19:08:13 WIB] [ERROR] Query "Gunting" nihil hasil (TIDAK DITEMUKAN).
[2026-05-22 19:08:15 WIB] [INFO] Memulai survei item [5/?]: "Isi Staples (Spesifikasi: No. 10-1M)"
[2026-05-22 19:08:15 WIB] [QUERY] Daftar kata kunci yang dicoba: ["Isi Staples"]
[2026-05-22 19:08:15 WIB] [INFO] Mencoba query #1: "Isi Staples"
[2026-05-22 19:08:16 WIB] [ERROR] Query "Isi Staples" nihil hasil (TIDAK DITEMUKAN).
[2026-05-22 19:08:18 WIB] [INFO] Memulai survei item [6/?]: "Isolasi Lakban (Spesifikasi: Hitam, Uk 46 mm x 12 m)"
[2026-05-22 19:08:18 WIB] [QUERY] Daftar kata kunci yang dicoba: ["Isolasi Lakban"]
[2026-05-22 19:08:18 WIB] [INFO] Mencoba query #1: "Isolasi Lakban"
[2026-05-22 19:08:20 WIB] [ERROR] Query "Isolasi Lakban" nihil hasil (TIDAK DITEMUKAN).
[2026-05-22 19:08:22 WIB] [INFO] Memulai survei item [7/?]: "Lem (Spesifikasi: 20 Ml)"
[2026-05-22 19:08:22 WIB] [QUERY] Daftar kata kunci yang dicoba: ["Lem"]
[2026-05-22 19:08:22 WIB] [INFO] Mencoba query #1: "Lem"
[2026-05-22 19:08:23 WIB] [ERROR] Query "Lem" nihil hasil (TIDAK DITEMUKAN).
[2026-05-22 19:08:25 WIB] [INFO] Memulai survei item [8/?]: "Map Dinas (Spesifikasi: Ukuran F4)"
[2026-05-22 19:08:25 WIB] [QUERY] Daftar kata kunci yang dicoba: ["Map Dinas"]
[2026-05-22 19:08:25 WIB] [INFO] Mencoba query #1: "Map Dinas"
[2026-05-22 19:08:27 WIB] [ERROR] Query "Map Dinas" nihil hasil (TIDAK DITEMUKAN).
[2026-05-22 19:08:29 WIB] [INFO] Memulai survei item [9/?]: "Snelhecter Map (Spesifikasi: 5001, Isi 50 Buah)"
[2026-05-22 19:08:29 WIB] [QUERY] Daftar kata kunci yang dicoba: ["Snelhecter Map"]
[2026-05-22 19:08:29 WIB] [INFO] Mencoba query #1: "Snelhecter Map"
[2026-05-22 19:08:30 WIB] [ERROR] Query "Snelhecter Map" nihil hasil (TIDAK DITEMUKAN).
[2026-05-22 19:08:32 WIB] [INFO] Memulai survei item [10/?]: "Spidol (Spesifikasi: Besar)"
[2026-05-22 19:08:32 WIB] [QUERY] Daftar kata kunci yang dicoba: ["Spidol"]
[2026-05-22 19:08:32 WIB] [INFO] Mencoba query #1: "Spidol"
[2026-05-22 19:08:33 WIB] [ERROR] Query "Spidol" nihil hasil (TIDAK DITEMUKAN).
[2026-05-22 19:08:39 WIB] [INFO] Memulai survei item [11/?]: "Stapler/Hechmachine (Spesifikasi: Kecil)"
[2026-05-22 19:08:39 WIB] [QUERY] Daftar kata kunci yang dicoba: ["Stapler/Hechmachine"]
[2026-05-22 19:08:39 WIB] [INFO] Mencoba query #1: "Stapler/Hechmachine"
[2026-05-22 19:08:40 WIB] [ERROR] Query "Stapler/Hechmachine" nihil hasil (TIDAK DITEMUKAN).
[2026-05-22 19:08:42 WIB] [INFO] Memulai survei item [12/?]: "Tinta Stempel (Spesifikasi: 50 Ml)"
[2026-05-22 19:08:42 WIB] [QUERY] Daftar kata kunci yang dicoba: ["Tinta Stempel"]
[2026-05-22 19:08:42 WIB] [INFO] Mencoba query #1: "Tinta Stempel"
[2026-05-22 19:08:45 WIB] [ERROR] Query "Tinta Stempel" nihil hasil (TIDAK DITEMUKAN).
[2026-05-22 19:17:55 WIB] [INFO] Memulai survei item [1/?]: "Ballpoint / Ballpen / Pena (Spesifikasi: Ballpoint Baliner)"
[2026-05-22 19:17:55 WIB] [QUERY] Daftar kata kunci yang dicoba: ["Ballpoint Baliner","ballpoint baliner","pulpen baliner","pen baliner","ballpen ballpoint baliner","ballpen pulpen baliner"]
[2026-05-22 19:17:55 WIB] [INFO] Mencoba query #1: "Ballpoint Baliner"
[2026-05-22 19:18:08 WIB] [ERROR] Query "Ballpoint Baliner" nihil hasil (TIDAK DITEMUKAN).
[2026-05-22 19:18:08 WIB] [INFO] Mencoba query #2: "ballpoint baliner"
[2026-05-22 19:18:14 WIB] [ERROR] Query "ballpoint baliner" nihil hasil (TIDAK DITEMUKAN).
[2026-05-22 19:18:14 WIB] [INFO] Mencoba query #3: "pulpen baliner"
[2026-05-22 19:18:18 WIB] [ERROR] Query "pulpen baliner" nihil hasil (TIDAK DITEMUKAN).
[2026-05-22 19:18:18 WIB] [INFO] Mencoba query #4: "pen baliner"
[2026-05-22 19:18:23 WIB] [ERROR] Query "pen baliner" nihil hasil (TIDAK DITEMUKAN).
[2026-05-22 19:18:23 WIB] [INFO] Mencoba query #5: "ballpen ballpoint baliner"
[2026-05-22 19:18:27 WIB] [ERROR] Query "ballpen ballpoint baliner" nihil hasil (TIDAK DITEMUKAN).
[2026-05-22 19:18:27 WIB] [INFO] Mencoba query #6: "ballpen pulpen baliner"
[2026-05-22 19:18:30 WIB] [ERROR] Query "ballpen pulpen baliner" nihil hasil (TIDAK DITEMUKAN).
[2026-05-22 19:18:41 WIB] [INFO] Memulai survei item [1/?]: "Ballpoint / Ballpen / Pena (Spesifikasi: Ballpoint Baliner)"
[2026-05-22 19:18:41 WIB] [QUERY] Daftar kata kunci yang dicoba: ["Ballpoint Baliner","ballpoint baliner","pulpen baliner","pen baliner","ballpen ballpoint baliner","ballpen pulpen baliner"]
[2026-05-22 19:18:41 WIB] [INFO] Mencoba query #1: "Ballpoint Baliner"
[2026-05-22 19:18:46 WIB] [ERROR] Query "Ballpoint Baliner" nihil hasil (TIDAK DITEMUKAN).
[2026-05-22 19:18:46 WIB] [INFO] Mencoba query #2: "ballpoint baliner"
[2026-05-22 19:18:49 WIB] [ERROR] Query "ballpoint baliner" nihil hasil (TIDAK DITEMUKAN).
[2026-05-22 19:18:49 WIB] [INFO] Mencoba query #3: "pulpen baliner"
[2026-05-22 19:18:53 WIB] [ERROR] Query "pulpen baliner" nihil hasil (TIDAK DITEMUKAN).
[2026-05-22 19:18:53 WIB] [INFO] Mencoba query #4: "pen baliner"
[2026-05-22 19:18:57 WIB] [ERROR] Query "pen baliner" nihil hasil (TIDAK DITEMUKAN).
[2026-05-22 19:18:57 WIB] [INFO] Mencoba query #5: "ballpen ballpoint baliner"
[2026-05-22 19:19:00 WIB] [ERROR] Query "ballpen ballpoint baliner" nihil hasil (TIDAK DITEMUKAN).
[2026-05-22 19:19:00 WIB] [INFO] Mencoba query #6: "ballpen pulpen baliner"
[2026-05-22 19:19:03 WIB] [ERROR] Query "ballpen pulpen baliner" nihil hasil (TIDAK DITEMUKAN).
[2026-05-22 19:19:49 WIB] [INFO] Memulai survei item [1/?]: "Ballpoint / Ballpen / Pena (Spesifikasi: Ballpoint Baliner)"
[2026-05-22 19:19:49 WIB] [QUERY] Daftar kata kunci yang dicoba: ["Ballpoint Baliner","ballpoint baliner","pulpen baliner","pen baliner","ballpen ballpoint baliner","ballpen pulpen baliner"]
[2026-05-22 19:19:49 WIB] [INFO] Mencoba query #1: "Ballpoint Baliner"
[2026-05-22 19:19:52 WIB] [ERROR] Query "Ballpoint Baliner" nihil hasil (TIDAK DITEMUKAN).
[2026-05-22 19:19:52 WIB] [INFO] Mencoba query #2: "ballpoint baliner"
[2026-05-22 19:19:56 WIB] [ERROR] Query "ballpoint baliner" nihil hasil (TIDAK DITEMUKAN).
[2026-05-22 19:19:56 WIB] [INFO] Mencoba query #3: "pulpen baliner"
[2026-05-22 19:20:00 WIB] [ERROR] Query "pulpen baliner" nihil hasil (TIDAK DITEMUKAN).
[2026-05-22 19:20:00 WIB] [INFO] Mencoba query #4: "pen baliner"
[2026-05-22 19:20:08 WIB] [INFO] Memulai survei item [1/?]: "Alas Triplek"
[2026-05-22 19:20:08 WIB] [QUERY] Daftar kata kunci yang dicoba: ["Alas Triplek","alas triplek","alas","triplek"]
[2026-05-22 19:20:08 WIB] [INFO] Mencoba query #1: "Alas Triplek"
[2026-05-22 19:20:08 WIB] [ERROR] Query "pen baliner" nihil hasil (TIDAK DITEMUKAN).
[2026-05-22 19:20:08 WIB] [INFO] Mencoba query #5: "ballpen ballpoint baliner"
[2026-05-22 19:20:11 WIB] [ERROR] Query "Alas Triplek" nihil hasil (TIDAK DITEMUKAN).
[2026-05-22 19:20:11 WIB] [INFO] Mencoba query #2: "alas triplek"
[2026-05-22 19:20:14 WIB] [ERROR] Query "alas triplek" nihil hasil (TIDAK DITEMUKAN).
[2026-05-22 19:20:14 WIB] [INFO] Mencoba query #3: "alas"
[2026-05-22 19:20:14 WIB] [ERROR] Query "ballpen ballpoint baliner" nihil hasil (TIDAK DITEMUKAN).
[2026-05-22 19:20:14 WIB] [INFO] Mencoba query #6: "ballpen pulpen baliner"
[2026-05-22 19:20:18 WIB] [ERROR] Query "alas" nihil hasil (TIDAK DITEMUKAN).
[2026-05-22 19:20:18 WIB] [INFO] Mencoba query #4: "triplek"
[2026-05-22 19:20:19 WIB] [ERROR] Query "ballpen pulpen baliner" nihil hasil (TIDAK DITEMUKAN).
[2026-05-22 19:20:20 WIB] [ERROR] Query "triplek" nihil hasil (TIDAK DITEMUKAN).
[2026-05-22 19:20:22 WIB] [INFO] Memulai survei item [2/?]: "Ballpoint / Ballpen / Pena (Spesifikasi: Ballpoint Baliner)"
[2026-05-22 19:20:22 WIB] [QUERY] Daftar kata kunci yang dicoba: ["Ballpoint / Ballpen / Pena (Spesifikasi: Ballpoint Baliner)","ballpoint baliner","pulpen baliner","pen baliner","ballpen ballpoint baliner","ballpen pulpen baliner"]
[2026-05-22 19:20:22 WIB] [INFO] Mencoba query #1: "Ballpoint / Ballpen / Pena (Spesifikasi: Ballpoint Baliner)"
[2026-05-22 19:20:25 WIB] [ERROR] Query "Ballpoint / Ballpen / Pena (Spesifikasi: Ballpoint Baliner)" nihil hasil (TIDAK DITEMUKAN).
[2026-05-22 19:20:25 WIB] [INFO] Mencoba query #2: "ballpoint baliner"
[2026-05-22 19:20:28 WIB] [ERROR] Query "ballpoint baliner" nihil hasil (TIDAK DITEMUKAN).
[2026-05-22 19:20:28 WIB] [INFO] Mencoba query #3: "pulpen baliner"
[2026-05-22 19:20:30 WIB] [ERROR] Query "pulpen baliner" nihil hasil (TIDAK DITEMUKAN).
[2026-05-22 19:20:30 WIB] [INFO] Mencoba query #4: "pen baliner"
[2026-05-22 19:20:37 WIB] [ERROR] Query "pen baliner" nihil hasil (TIDAK DITEMUKAN).
[2026-05-22 19:20:37 WIB] [INFO] Mencoba query #5: "ballpen ballpoint baliner"
[2026-05-22 19:20:40 WIB] [ERROR] Query "ballpen ballpoint baliner" nihil hasil (TIDAK DITEMUKAN).
[2026-05-22 19:20:40 WIB] [INFO] Mencoba query #6: "ballpen pulpen baliner"
[2026-05-22 19:20:43 WIB] [ERROR] Query "ballpen pulpen baliner" nihil hasil (TIDAK DITEMUKAN).
[2026-05-22 19:20:45 WIB] [INFO] Memulai survei item [3/?]: "Ballpoint / Ballpen / Pena (Spesifikasi: Biasa, R6 Isi 12 Buah)"
[2026-05-22 19:20:45 WIB] [QUERY] Daftar kata kunci yang dicoba: ["Ballpoint / Ballpen / Pena (Spesifikasi: Biasa, R6 Isi 12 Buah)","biasa r6 isi 12","ballpoint biasa r6 isi 12","pulpen biasa r6 isi 12","pen biasa r6 isi 12","ballpen biasa r6 isi 12"]
[2026-05-22 19:20:45 WIB] [INFO] Mencoba query #1: "Ballpoint / Ballpen / Pena (Spesifikasi: Biasa, R6 Isi 12 Buah)"
[2026-05-22 19:20:46 WIB] [ERROR] Query "Ballpoint / Ballpen / Pena (Spesifikasi: Biasa, R6 Isi 12 Buah)" nihil hasil (TIDAK DITEMUKAN).
[2026-05-22 19:20:46 WIB] [INFO] Mencoba query #2: "biasa r6 isi 12"
[2026-05-22 19:20:47 WIB] [ERROR] Query "biasa r6 isi 12" nihil hasil (TIDAK DITEMUKAN).
[2026-05-22 19:20:47 WIB] [INFO] Mencoba query #3: "ballpoint biasa r6 isi 12"
[2026-05-22 19:20:49 WIB] [ERROR] Query "ballpoint biasa r6 isi 12" nihil hasil (TIDAK DITEMUKAN).
[2026-05-22 19:20:49 WIB] [INFO] Mencoba query #4: "pulpen biasa r6 isi 12"
[2026-05-22 19:20:50 WIB] [ERROR] Query "pulpen biasa r6 isi 12" nihil hasil (TIDAK DITEMUKAN).
[2026-05-22 19:20:50 WIB] [INFO] Mencoba query #5: "pen biasa r6 isi 12"
[2026-05-22 19:20:54 WIB] [ERROR] Query "pen biasa r6 isi 12" nihil hasil (TIDAK DITEMUKAN).
[2026-05-22 19:20:54 WIB] [INFO] Mencoba query #6: "ballpen biasa r6 isi 12"
[2026-05-22 19:20:55 WIB] [ERROR] Query "ballpen biasa r6 isi 12" nihil hasil (TIDAK DITEMUKAN).
[2026-05-22 19:20:57 WIB] [INFO] Memulai survei item [4/?]: "Bantalan Stempel (Spesifikasi: Biasa)"
[2026-05-22 19:20:57 WIB] [QUERY] Daftar kata kunci yang dicoba: ["Bantalan Stempel (Spesifikasi: Biasa)","bantalan stempel biasa","bantalan stempel","bantalan","stempel"]
[2026-05-22 19:20:57 WIB] [INFO] Mencoba query #1: "Bantalan Stempel (Spesifikasi: Biasa)"
[2026-05-22 19:20:58 WIB] [ERROR] Query "Bantalan Stempel (Spesifikasi: Biasa)" nihil hasil (TIDAK DITEMUKAN).
[2026-05-22 19:20:58 WIB] [INFO] Mencoba query #2: "bantalan stempel biasa"
[2026-05-22 19:21:00 WIB] [ERROR] Query "bantalan stempel biasa" nihil hasil (TIDAK DITEMUKAN).
[2026-05-22 19:21:00 WIB] [INFO] Mencoba query #3: "bantalan stempel"
[2026-05-22 19:21:01 WIB] [ERROR] Query "bantalan stempel" nihil hasil (TIDAK DITEMUKAN).
[2026-05-22 19:21:01 WIB] [INFO] Mencoba query #4: "bantalan"
[2026-05-22 19:21:03 WIB] [ERROR] Query "bantalan" nihil hasil (TIDAK DITEMUKAN).
[2026-05-22 19:21:03 WIB] [INFO] Mencoba query #5: "stempel"
[2026-05-22 19:21:04 WIB] [ERROR] Query "stempel" nihil hasil (TIDAK DITEMUKAN).
[2026-05-22 19:21:06 WIB] [INFO] Memulai survei item [5/?]: "Gunting (Spesifikasi: Besar)"
[2026-05-22 19:21:06 WIB] [QUERY] Daftar kata kunci yang dicoba: ["Gunting (Spesifikasi: Besar)","gunting besar","gunting","gunting gunting"]
[2026-05-22 19:21:06 WIB] [INFO] Mencoba query #1: "Gunting (Spesifikasi: Besar)"
[2026-05-22 19:21:07 WIB] [ERROR] Query "Gunting (Spesifikasi: Besar)" nihil hasil (TIDAK DITEMUKAN).
[2026-05-22 19:21:07 WIB] [INFO] Mencoba query #2: "gunting besar"
[2026-05-22 19:21:09 WIB] [ERROR] Query "gunting besar" nihil hasil (TIDAK DITEMUKAN).
[2026-05-22 19:21:09 WIB] [INFO] Mencoba query #3: "gunting"
[2026-05-22 19:21:11 WIB] [ERROR] Query "gunting" nihil hasil (TIDAK DITEMUKAN).
[2026-05-22 19:21:11 WIB] [INFO] Mencoba query #4: "gunting gunting"
[2026-05-22 19:21:12 WIB] [ERROR] Query "gunting gunting" nihil hasil (TIDAK DITEMUKAN).
[2026-05-22 19:21:14 WIB] [INFO] Memulai survei item [6/?]: "Isi Staples (Spesifikasi: No. 10-1M)"
[2026-05-22 19:21:14 WIB] [QUERY] Daftar kata kunci yang dicoba: ["Isi Staples (Spesifikasi: No. 10-1M)","no 10 1m","isi staples no 10 1m","isi steples no 10 1m","isi penjepit kertas no 10 1m","isi stapler no 10 1m"]
[2026-05-22 19:21:14 WIB] [INFO] Mencoba query #1: "Isi Staples (Spesifikasi: No. 10-1M)"
[2026-05-22 19:21:17 WIB] [ERROR] Query "Isi Staples (Spesifikasi: No. 10-1M)" nihil hasil (TIDAK DITEMUKAN).
[2026-05-22 19:21:17 WIB] [INFO] Mencoba query #2: "no 10 1m"
[2026-05-22 19:21:19 WIB] [ERROR] Query "no 10 1m" nihil hasil (TIDAK DITEMUKAN).
[2026-05-22 19:21:19 WIB] [INFO] Mencoba query #3: "isi staples no 10 1m"
[2026-05-22 19:21:21 WIB] [ERROR] Query "isi staples no 10 1m" nihil hasil (TIDAK DITEMUKAN).
[2026-05-22 19:21:21 WIB] [INFO] Mencoba query #4: "isi steples no 10 1m"
[2026-05-22 19:21:22 WIB] [ERROR] Query "isi steples no 10 1m" nihil hasil (TIDAK DITEMUKAN).
[2026-05-22 19:21:22 WIB] [INFO] Mencoba query #5: "isi penjepit kertas no 10 1m"
[2026-05-22 19:21:27 WIB] [ERROR] Query "isi penjepit kertas no 10 1m" nihil hasil (TIDAK DITEMUKAN).
[2026-05-22 19:21:27 WIB] [INFO] Mencoba query #6: "isi stapler no 10 1m"
[2026-05-22 19:21:28 WIB] [ERROR] Query "isi stapler no 10 1m" nihil hasil (TIDAK DITEMUKAN).
[2026-05-22 19:21:30 WIB] [INFO] Memulai survei item [7/?]: "Isolasi Lakban (Spesifikasi: Hitam, Uk 46 mm x 12 m)"
[2026-05-22 19:21:30 WIB] [QUERY] Daftar kata kunci yang dicoba: ["Isolasi Lakban (Spesifikasi: Hitam, Uk 46 mm x 12 m)","hitam uk 46 mm x 12 m","isolasi lakban hitam uk 46 mm x 12 m","isolasi lakban","isolasi","lakban"]
[2026-05-22 19:21:30 WIB] [INFO] Mencoba query #1: "Isolasi Lakban (Spesifikasi: Hitam, Uk 46 mm x 12 m)"
[2026-05-22 19:21:32 WIB] [ERROR] Query "Isolasi Lakban (Spesifikasi: Hitam, Uk 46 mm x 12 m)" nihil hasil (TIDAK DITEMUKAN).
[2026-05-22 19:21:32 WIB] [INFO] Mencoba query #2: "hitam uk 46 mm x 12 m"
[2026-05-22 19:21:33 WIB] [ERROR] Query "hitam uk 46 mm x 12 m" nihil hasil (TIDAK DITEMUKAN).
[2026-05-22 19:21:33 WIB] [INFO] Mencoba query #3: "isolasi lakban hitam uk 46 mm x 12 m"
[2026-05-22 19:21:34 WIB] [ERROR] Query "isolasi lakban hitam uk 46 mm x 12 m" nihil hasil (TIDAK DITEMUKAN).
[2026-05-22 19:21:34 WIB] [INFO] Mencoba query #4: "isolasi lakban"
[2026-05-22 19:21:36 WIB] [ERROR] Query "isolasi lakban" nihil hasil (TIDAK DITEMUKAN).
[2026-05-22 19:21:36 WIB] [INFO] Mencoba query #5: "isolasi"
[2026-05-22 19:21:37 WIB] [ERROR] Query "isolasi" nihil hasil (TIDAK DITEMUKAN).
[2026-05-22 19:21:37 WIB] [INFO] Mencoba query #6: "lakban"
[2026-05-22 19:21:38 WIB] [ERROR] Query "lakban" nihil hasil (TIDAK DITEMUKAN).
[2026-05-22 19:21:40 WIB] [INFO] Memulai survei item [8/?]: "Lem (Spesifikasi: 20 Ml)"
[2026-05-22 19:21:40 WIB] [QUERY] Daftar kata kunci yang dicoba: ["Lem (Spesifikasi: 20 Ml)","lem 20 ml","lem","lem lem"]
[2026-05-22 19:21:40 WIB] [INFO] Mencoba query #1: "Lem (Spesifikasi: 20 Ml)"
[2026-05-22 19:21:42 WIB] [ERROR] Query "Lem (Spesifikasi: 20 Ml)" nihil hasil (TIDAK DITEMUKAN).
[2026-05-22 19:21:42 WIB] [INFO] Mencoba query #2: "lem 20 ml"
[2026-05-22 19:21:44 WIB] [ERROR] Query "lem 20 ml" nihil hasil (TIDAK DITEMUKAN).
[2026-05-22 19:21:44 WIB] [INFO] Mencoba query #3: "lem"
[2026-05-22 19:21:45 WIB] [ERROR] Query "lem" nihil hasil (TIDAK DITEMUKAN).
[2026-05-22 19:21:45 WIB] [INFO] Mencoba query #4: "lem lem"
[2026-05-22 19:21:46 WIB] [ERROR] Query "lem lem" nihil hasil (TIDAK DITEMUKAN).
[2026-05-22 19:21:48 WIB] [INFO] Memulai survei item [9/?]: "Map Dinas (Spesifikasi: Ukuran F4)"
[2026-05-22 19:21:48 WIB] [QUERY] Daftar kata kunci yang dicoba: ["Map Dinas (Spesifikasi: Ukuran F4)","map dinas f4","map dinas","map","dinas"]
[2026-05-22 19:21:48 WIB] [INFO] Mencoba query #1: "Map Dinas (Spesifikasi: Ukuran F4)"
[2026-05-22 19:21:50 WIB] [ERROR] Query "Map Dinas (Spesifikasi: Ukuran F4)" nihil hasil (TIDAK DITEMUKAN).
[2026-05-22 19:21:50 WIB] [INFO] Mencoba query #2: "map dinas f4"
[2026-05-22 19:21:51 WIB] [ERROR] Query "map dinas f4" nihil hasil (TIDAK DITEMUKAN).
[2026-05-22 19:21:51 WIB] [INFO] Mencoba query #3: "map dinas"
[2026-05-22 19:21:52 WIB] [ERROR] Query "map dinas" nihil hasil (TIDAK DITEMUKAN).
[2026-05-22 19:21:52 WIB] [INFO] Mencoba query #4: "map"
[2026-05-22 19:21:54 WIB] [ERROR] Query "map" nihil hasil (TIDAK DITEMUKAN).
[2026-05-22 19:21:54 WIB] [INFO] Mencoba query #5: "dinas"
[2026-05-22 19:21:55 WIB] [ERROR] Query "dinas" nihil hasil (TIDAK DITEMUKAN).
[2026-05-22 19:22:00 WIB] [INFO] Memulai survei item [10/?]: "Snelhecter Map (Spesifikasi: 5001, Isi 50 Buah)"
[2026-05-22 19:22:00 WIB] [QUERY] Daftar kata kunci yang dicoba: ["Snelhecter Map (Spesifikasi: 5001, Isi 50 Buah)","5001 isi 50","snelhecter map 5001 isi 50","snelhecter map","snelhecter","map"]
[2026-05-22 19:22:00 WIB] [INFO] Mencoba query #1: "Snelhecter Map (Spesifikasi: 5001, Isi 50 Buah)"
[2026-05-22 19:22:04 WIB] [ERROR] Query "Snelhecter Map (Spesifikasi: 5001, Isi 50 Buah)" nihil hasil (TIDAK DITEMUKAN).
[2026-05-22 19:22:04 WIB] [INFO] Mencoba query #2: "5001 isi 50"
[2026-05-22 19:22:09 WIB] [ERROR] Query "5001 isi 50" nihil hasil (TIDAK DITEMUKAN).
[2026-05-22 19:22:09 WIB] [INFO] Mencoba query #3: "snelhecter map 5001 isi 50"
[2026-05-22 19:22:12 WIB] [ERROR] Query "snelhecter map 5001 isi 50" nihil hasil (TIDAK DITEMUKAN).
[2026-05-22 19:22:12 WIB] [INFO] Mencoba query #4: "snelhecter map"
[2026-05-22 19:22:15 WIB] [ERROR] Query "snelhecter map" nihil hasil (TIDAK DITEMUKAN).
[2026-05-22 19:22:15 WIB] [INFO] Mencoba query #5: "snelhecter"
[2026-05-22 19:22:18 WIB] [ERROR] Query "snelhecter" nihil hasil (TIDAK DITEMUKAN).
[2026-05-22 19:22:18 WIB] [INFO] Mencoba query #6: "map"
[2026-05-22 19:22:20 WIB] [ERROR] Query "map" nihil hasil (TIDAK DITEMUKAN).
[2026-05-22 19:22:22 WIB] [INFO] Memulai survei item [11/?]: "Spidol (Spesifikasi: Besar)"
[2026-05-22 19:22:22 WIB] [QUERY] Daftar kata kunci yang dicoba: ["Spidol (Spesifikasi: Besar)","spidol besar","marker besar","pena besar","highlighter besar","spidol permanen besar"]
[2026-05-22 19:22:22 WIB] [INFO] Mencoba query #1: "Spidol (Spesifikasi: Besar)"
[2026-05-22 19:22:24 WIB] [ERROR] Query "Spidol (Spesifikasi: Besar)" nihil hasil (TIDAK DITEMUKAN).
[2026-05-22 19:22:24 WIB] [INFO] Mencoba query #2: "spidol besar"
[2026-05-22 19:22:25 WIB] [ERROR] Query "spidol besar" nihil hasil (TIDAK DITEMUKAN).
[2026-05-22 19:22:25 WIB] [INFO] Mencoba query #3: "marker besar"
[2026-05-22 19:22:26 WIB] [ERROR] Query "marker besar" nihil hasil (TIDAK DITEMUKAN).
[2026-05-22 19:22:26 WIB] [INFO] Mencoba query #4: "pena besar"
[2026-05-22 19:22:28 WIB] [ERROR] Query "pena besar" nihil hasil (TIDAK DITEMUKAN).
[2026-05-22 19:22:28 WIB] [INFO] Mencoba query #5: "highlighter besar"
[2026-05-22 19:22:29 WIB] [ERROR] Query "highlighter besar" nihil hasil (TIDAK DITEMUKAN).
[2026-05-22 19:22:29 WIB] [INFO] Mencoba query #6: "spidol permanen besar"
[2026-05-22 19:22:34 WIB] [ERROR] Query "spidol permanen besar" nihil hasil (TIDAK DITEMUKAN).
[2026-05-22 19:22:36 WIB] [INFO] Memulai survei item [12/?]: "Stapler/Hechmachine (Spesifikasi: Kecil)"
[2026-05-22 19:22:36 WIB] [QUERY] Daftar kata kunci yang dicoba: ["Stapler/Hechmachine (Spesifikasi: Kecil)","stapler kecil","hechmachine kecil","stapler","hechmachine","stapler stapler"]
[2026-05-22 19:22:36 WIB] [INFO] Mencoba query #1: "Stapler/Hechmachine (Spesifikasi: Kecil)"
[2026-05-22 19:22:38 WIB] [ERROR] Query "Stapler/Hechmachine (Spesifikasi: Kecil)" nihil hasil (TIDAK DITEMUKAN).
[2026-05-22 19:22:38 WIB] [INFO] Mencoba query #2: "stapler kecil"
[2026-05-22 19:22:39 WIB] [ERROR] Query "stapler kecil" nihil hasil (TIDAK DITEMUKAN).
[2026-05-22 19:22:39 WIB] [INFO] Mencoba query #3: "hechmachine kecil"
[2026-05-22 19:22:40 WIB] [ERROR] Query "hechmachine kecil" nihil hasil (TIDAK DITEMUKAN).
[2026-05-22 19:22:40 WIB] [INFO] Mencoba query #4: "stapler"
[2026-05-22 19:22:42 WIB] [ERROR] Query "stapler" nihil hasil (TIDAK DITEMUKAN).
[2026-05-22 19:22:42 WIB] [INFO] Mencoba query #5: "hechmachine"
[2026-05-22 19:22:43 WIB] [ERROR] Query "hechmachine" nihil hasil (TIDAK DITEMUKAN).
[2026-05-22 19:22:43 WIB] [INFO] Mencoba query #6: "stapler stapler"
[2026-05-22 19:22:45 WIB] [ERROR] Query "stapler stapler" nihil hasil (TIDAK DITEMUKAN).
[2026-05-22 19:22:47 WIB] [INFO] Memulai survei item [13/?]: "Tinta Stempel (Spesifikasi: 50 Ml)"
[2026-05-22 19:22:47 WIB] [QUERY] Daftar kata kunci yang dicoba: ["Tinta Stempel (Spesifikasi: 50 Ml)","tinta stempel 50 ml","tinta stempel","tinta","stempel"]
[2026-05-22 19:22:47 WIB] [INFO] Mencoba query #1: "Tinta Stempel (Spesifikasi: 50 Ml)"
[2026-05-22 19:22:48 WIB] [ERROR] Query "Tinta Stempel (Spesifikasi: 50 Ml)" nihil hasil (TIDAK DITEMUKAN).
[2026-05-22 19:22:48 WIB] [INFO] Mencoba query #2: "tinta stempel 50 ml"
[2026-05-22 19:22:49 WIB] [ERROR] Query "tinta stempel 50 ml" nihil hasil (TIDAK DITEMUKAN).
[2026-05-22 19:22:49 WIB] [INFO] Mencoba query #3: "tinta stempel"
[2026-05-22 19:22:51 WIB] [ERROR] Query "tinta stempel" nihil hasil (TIDAK DITEMUKAN).
[2026-05-22 19:22:51 WIB] [INFO] Mencoba query #4: "tinta"
[2026-05-22 19:22:52 WIB] [ERROR] Query "tinta" nihil hasil (TIDAK DITEMUKAN).
[2026-05-22 19:22:52 WIB] [INFO] Mencoba query #5: "stempel"
[2026-05-22 19:22:54 WIB] [ERROR] Query "stempel" nihil hasil (TIDAK DITEMUKAN).
[2026-05-22 19:35:06 WIB] [INFO] Memulai survei item [1/?]: "Alas Triplek"
[2026-05-22 19:35:06 WIB] [QUERY] Daftar kata kunci yang dicoba: ["Alas Triplek","alas triplek","alas","triplek"]
[2026-05-22 19:35:06 WIB] [INFO] Mencoba query #1: "Alas Triplek"
[2026-05-22 19:35:12 WIB] [ERROR] Query "Alas Triplek" nihil hasil (TIDAK DITEMUKAN).
[2026-05-22 19:35:12 WIB] [INFO] Mencoba query #2: "alas triplek"
[2026-05-22 19:35:15 WIB] [ERROR] Query "alas triplek" nihil hasil (TIDAK DITEMUKAN).
[2026-05-22 19:35:15 WIB] [INFO] Mencoba query #3: "alas"
[2026-05-22 19:35:20 WIB] [ERROR] Query "alas" nihil hasil (TIDAK DITEMUKAN).
[2026-05-22 19:35:20 WIB] [INFO] Mencoba query #4: "triplek"
[2026-05-22 19:35:23 WIB] [ERROR] Query "triplek" nihil hasil (TIDAK DITEMUKAN).
[2026-05-22 19:35:25 WIB] [INFO] Memulai survei item [2/?]: "Ballpoint / Ballpen / Pena (Spesifikasi: Ballpoint Baliner)"
[2026-05-22 19:35:25 WIB] [QUERY] Daftar kata kunci yang dicoba: ["Ballpoint / Ballpen / Pena (Spesifikasi: Ballpoint Baliner)","ballpoint baliner","pulpen baliner","pen baliner","ballpen ballpoint baliner","ballpen pulpen baliner"]
[2026-05-22 19:35:25 WIB] [INFO] Mencoba query #1: "Ballpoint / Ballpen / Pena (Spesifikasi: Ballpoint Baliner)"
[2026-05-22 19:35:30 WIB] [ERROR] Query "Ballpoint / Ballpen / Pena (Spesifikasi: Ballpoint Baliner)" nihil hasil (TIDAK DITEMUKAN).
[2026-05-22 19:35:30 WIB] [INFO] Mencoba query #2: "ballpoint baliner"
[2026-05-22 19:35:36 WIB] [ERROR] Query "ballpoint baliner" nihil hasil (TIDAK DITEMUKAN).
[2026-05-22 19:35:36 WIB] [INFO] Mencoba query #3: "pulpen baliner"
[2026-05-22 19:35:40 WIB] [ERROR] Query "pulpen baliner" nihil hasil (TIDAK DITEMUKAN).
[2026-05-22 19:35:40 WIB] [INFO] Mencoba query #4: "pen baliner"
[2026-05-22 19:35:44 WIB] [ERROR] Query "pen baliner" nihil hasil (TIDAK DITEMUKAN).
[2026-05-22 19:35:44 WIB] [INFO] Mencoba query #5: "ballpen ballpoint baliner"
[2026-05-22 19:35:49 WIB] [ERROR] Query "ballpen ballpoint baliner" nihil hasil (TIDAK DITEMUKAN).
[2026-05-22 19:35:49 WIB] [INFO] Mencoba query #6: "ballpen pulpen baliner"
[2026-05-22 19:35:56 WIB] [ERROR] Query "ballpen pulpen baliner" nihil hasil (TIDAK DITEMUKAN).
[2026-05-22 19:35:58 WIB] [INFO] Memulai survei item [3/?]: "Ballpoint / Ballpen / Pena (Spesifikasi: Biasa, R6 Isi 12 Buah)"
[2026-05-22 19:35:58 WIB] [QUERY] Daftar kata kunci yang dicoba: ["Ballpoint / Ballpen / Pena (Spesifikasi: Biasa, R6 Isi 12 Buah)","biasa r6 isi 12","ballpoint biasa r6 isi 12","pulpen biasa r6 isi 12","pen biasa r6 isi 12","ballpen biasa r6 isi 12"]
[2026-05-22 19:35:58 WIB] [INFO] Mencoba query #1: "Ballpoint / Ballpen / Pena (Spesifikasi: Biasa, R6 Isi 12 Buah)"
[2026-05-22 19:35:59 WIB] [ERROR] Query "Ballpoint / Ballpen / Pena (Spesifikasi: Biasa, R6 Isi 12 Buah)" nihil hasil (TIDAK DITEMUKAN).
[2026-05-22 19:35:59 WIB] [INFO] Mencoba query #2: "biasa r6 isi 12"
[2026-05-22 19:36:01 WIB] [ERROR] Query "biasa r6 isi 12" nihil hasil (TIDAK DITEMUKAN).
[2026-05-22 19:36:01 WIB] [INFO] Mencoba query #3: "ballpoint biasa r6 isi 12"
[2026-05-22 19:36:03 WIB] [ERROR] Query "ballpoint biasa r6 isi 12" nihil hasil (TIDAK DITEMUKAN).
[2026-05-22 19:36:03 WIB] [INFO] Mencoba query #4: "pulpen biasa r6 isi 12"
[2026-05-22 19:36:04 WIB] [ERROR] Query "pulpen biasa r6 isi 12" nihil hasil (TIDAK DITEMUKAN).
[2026-05-22 19:36:04 WIB] [INFO] Mencoba query #5: "pen biasa r6 isi 12"
[2026-05-22 19:36:06 WIB] [ERROR] Query "pen biasa r6 isi 12" nihil hasil (TIDAK DITEMUKAN).
[2026-05-22 19:36:06 WIB] [INFO] Mencoba query #6: "ballpen biasa r6 isi 12"
[2026-05-22 19:36:08 WIB] [ERROR] Query "ballpen biasa r6 isi 12" nihil hasil (TIDAK DITEMUKAN).
[2026-05-22 19:36:10 WIB] [INFO] Memulai survei item [4/?]: "Bantalan Stempel (Spesifikasi: Biasa)"
[2026-05-22 19:36:10 WIB] [QUERY] Daftar kata kunci yang dicoba: ["Bantalan Stempel (Spesifikasi: Biasa)","bantalan stempel biasa","bantalan stempel","bantalan","stempel"]
[2026-05-22 19:36:10 WIB] [INFO] Mencoba query #1: "Bantalan Stempel (Spesifikasi: Biasa)"
[2026-05-22 19:36:12 WIB] [ERROR] Query "Bantalan Stempel (Spesifikasi: Biasa)" nihil hasil (TIDAK DITEMUKAN).
[2026-05-22 19:36:12 WIB] [INFO] Mencoba query #2: "bantalan stempel biasa"
[2026-05-22 19:36:14 WIB] [ERROR] Query "bantalan stempel biasa" nihil hasil (TIDAK DITEMUKAN).
[2026-05-22 19:36:14 WIB] [INFO] Mencoba query #3: "bantalan stempel"
[2026-05-22 19:36:16 WIB] [ERROR] Query "bantalan stempel" nihil hasil (TIDAK DITEMUKAN).
[2026-05-22 19:36:16 WIB] [INFO] Mencoba query #4: "bantalan"
[2026-05-22 19:36:18 WIB] [ERROR] Query "bantalan" nihil hasil (TIDAK DITEMUKAN).
[2026-05-22 19:36:18 WIB] [INFO] Mencoba query #5: "stempel"
[2026-05-22 19:36:20 WIB] [ERROR] Query "stempel" nihil hasil (TIDAK DITEMUKAN).
[2026-05-22 19:36:22 WIB] [INFO] Memulai survei item [5/?]: "Gunting (Spesifikasi: Besar)"
[2026-05-22 19:36:22 WIB] [QUERY] Daftar kata kunci yang dicoba: ["Gunting (Spesifikasi: Besar)","gunting besar","gunting","gunting gunting"]
[2026-05-22 19:36:22 WIB] [INFO] Mencoba query #1: "Gunting (Spesifikasi: Besar)"
[2026-05-22 19:36:27 WIB] [ERROR] Query "Gunting (Spesifikasi: Besar)" nihil hasil (TIDAK DITEMUKAN).
[2026-05-22 19:36:27 WIB] [INFO] Mencoba query #2: "gunting besar"
[2026-05-22 19:36:28 WIB] [ERROR] Query "gunting besar" nihil hasil (TIDAK DITEMUKAN).
[2026-05-22 19:36:28 WIB] [INFO] Mencoba query #3: "gunting"
[2026-05-22 19:36:30 WIB] [ERROR] Query "gunting" nihil hasil (TIDAK DITEMUKAN).
[2026-05-22 19:36:30 WIB] [INFO] Mencoba query #4: "gunting gunting"
[2026-05-22 19:36:32 WIB] [ERROR] Query "gunting gunting" nihil hasil (TIDAK DITEMUKAN).
[2026-05-22 19:36:34 WIB] [INFO] Memulai survei item [6/?]: "Isi Staples (Spesifikasi: No. 10-1M)"
[2026-05-22 19:36:34 WIB] [QUERY] Daftar kata kunci yang dicoba: ["Isi Staples (Spesifikasi: No. 10-1M)","no 10 1m","isi staples no 10 1m","isi steples no 10 1m","isi penjepit kertas no 10 1m","isi stapler no 10 1m"]
[2026-05-22 19:36:34 WIB] [INFO] Mencoba query #1: "Isi Staples (Spesifikasi: No. 10-1M)"
[2026-05-22 19:36:35 WIB] [ERROR] Query "Isi Staples (Spesifikasi: No. 10-1M)" nihil hasil (TIDAK DITEMUKAN).
[2026-05-22 19:36:35 WIB] [INFO] Mencoba query #2: "no 10 1m"
[2026-05-22 19:36:37 WIB] [ERROR] Query "no 10 1m" nihil hasil (TIDAK DITEMUKAN).
[2026-05-22 19:36:37 WIB] [INFO] Mencoba query #3: "isi staples no 10 1m"
[2026-05-22 19:36:39 WIB] [ERROR] Query "isi staples no 10 1m" nihil hasil (TIDAK DITEMUKAN).
[2026-05-22 19:36:39 WIB] [INFO] Mencoba query #4: "isi steples no 10 1m"
[2026-05-22 19:36:40 WIB] [ERROR] Query "isi steples no 10 1m" nihil hasil (TIDAK DITEMUKAN).
[2026-05-22 19:36:40 WIB] [INFO] Mencoba query #5: "isi penjepit kertas no 10 1m"
[2026-05-22 19:36:42 WIB] [ERROR] Query "isi penjepit kertas no 10 1m" nihil hasil (TIDAK DITEMUKAN).
[2026-05-22 19:36:42 WIB] [INFO] Mencoba query #6: "isi stapler no 10 1m"
[2026-05-22 19:36:44 WIB] [ERROR] Query "isi stapler no 10 1m" nihil hasil (TIDAK DITEMUKAN).
[2026-05-22 19:36:46 WIB] [INFO] Memulai survei item [7/?]: "Isolasi Lakban (Spesifikasi: Hitam, Uk 46 mm x 12 m)"
[2026-05-22 19:36:46 WIB] [QUERY] Daftar kata kunci yang dicoba: ["Isolasi Lakban (Spesifikasi: Hitam, Uk 46 mm x 12 m)","hitam uk 46 mm x 12 m","isolasi lakban hitam uk 46 mm x 12 m","isolasi lakban","isolasi","lakban"]
[2026-05-22 19:36:46 WIB] [INFO] Mencoba query #1: "Isolasi Lakban (Spesifikasi: Hitam, Uk 46 mm x 12 m)"
[2026-05-22 19:36:47 WIB] [ERROR] Query "Isolasi Lakban (Spesifikasi: Hitam, Uk 46 mm x 12 m)" nihil hasil (TIDAK DITEMUKAN).
[2026-05-22 19:36:47 WIB] [INFO] Mencoba query #2: "hitam uk 46 mm x 12 m"
[2026-05-22 19:36:49 WIB] [ERROR] Query "hitam uk 46 mm x 12 m" nihil hasil (TIDAK DITEMUKAN).
[2026-05-22 19:36:49 WIB] [INFO] Mencoba query #3: "isolasi lakban hitam uk 46 mm x 12 m"
[2026-05-22 19:36:50 WIB] [ERROR] Query "isolasi lakban hitam uk 46 mm x 12 m" nihil hasil (TIDAK DITEMUKAN).
[2026-05-22 19:36:50 WIB] [INFO] Mencoba query #4: "isolasi lakban"
[2026-05-22 19:36:52 WIB] [ERROR] Query "isolasi lakban" nihil hasil (TIDAK DITEMUKAN).
[2026-05-22 19:36:52 WIB] [INFO] Mencoba query #5: "isolasi"
[2026-05-22 19:36:53 WIB] [ERROR] Query "isolasi" nihil hasil (TIDAK DITEMUKAN).
[2026-05-22 19:36:53 WIB] [INFO] Mencoba query #6: "lakban"
[2026-05-22 19:36:54 WIB] [ERROR] Query "lakban" nihil hasil (TIDAK DITEMUKAN).
[2026-05-22 19:36:56 WIB] [INFO] Memulai survei item [8/?]: "Lem (Spesifikasi: 20 Ml)"
[2026-05-22 19:36:56 WIB] [QUERY] Daftar kata kunci yang dicoba: ["Lem (Spesifikasi: 20 Ml)","lem 20 ml","lem","lem lem"]
[2026-05-22 19:36:56 WIB] [INFO] Mencoba query #1: "Lem (Spesifikasi: 20 Ml)"
[2026-05-22 19:37:01 WIB] [ERROR] Query "Lem (Spesifikasi: 20 Ml)" nihil hasil (TIDAK DITEMUKAN).
[2026-05-22 19:37:01 WIB] [INFO] Mencoba query #2: "lem 20 ml"
[2026-05-22 19:37:03 WIB] [ERROR] Query "lem 20 ml" nihil hasil (TIDAK DITEMUKAN).
[2026-05-22 19:37:03 WIB] [INFO] Mencoba query #3: "lem"
[2026-05-22 19:37:04 WIB] [ERROR] Query "lem" nihil hasil (TIDAK DITEMUKAN).
[2026-05-22 19:37:04 WIB] [INFO] Mencoba query #4: "lem lem"
[2026-05-22 19:37:05 WIB] [ERROR] Query "lem lem" nihil hasil (TIDAK DITEMUKAN).
[2026-05-22 19:37:07 WIB] [INFO] Memulai survei item [9/?]: "Map Dinas (Spesifikasi: Ukuran F4)"
[2026-05-22 19:37:07 WIB] [QUERY] Daftar kata kunci yang dicoba: ["Map Dinas (Spesifikasi: Ukuran F4)","map dinas f4","map dinas","map","dinas"]
[2026-05-22 19:37:07 WIB] [INFO] Mencoba query #1: "Map Dinas (Spesifikasi: Ukuran F4)"
[2026-05-22 19:37:11 WIB] [ERROR] Query "Map Dinas (Spesifikasi: Ukuran F4)" nihil hasil (TIDAK DITEMUKAN).
[2026-05-22 19:37:11 WIB] [INFO] Mencoba query #2: "map dinas f4"
[2026-05-22 19:37:13 WIB] [ERROR] Query "map dinas f4" nihil hasil (TIDAK DITEMUKAN).
[2026-05-22 19:37:13 WIB] [INFO] Mencoba query #3: "map dinas"
[2026-05-22 19:37:14 WIB] [ERROR] Query "map dinas" nihil hasil (TIDAK DITEMUKAN).
[2026-05-22 19:37:14 WIB] [INFO] Mencoba query #4: "map"
[2026-05-22 19:37:16 WIB] [ERROR] Query "map" nihil hasil (TIDAK DITEMUKAN).
[2026-05-22 19:37:16 WIB] [INFO] Mencoba query #5: "dinas"
[2026-05-22 19:37:18 WIB] [ERROR] Query "dinas" nihil hasil (TIDAK DITEMUKAN).
[2026-05-22 19:37:20 WIB] [INFO] Memulai survei item [10/?]: "Snelhecter Map (Spesifikasi: 5001, Isi 50 Buah)"
[2026-05-22 19:37:20 WIB] [QUERY] Daftar kata kunci yang dicoba: ["Snelhecter Map (Spesifikasi: 5001, Isi 50 Buah)","5001 isi 50","snelhecter map 5001 isi 50","snelhecter map","snelhecter","map"]
[2026-05-22 19:37:20 WIB] [INFO] Mencoba query #1: "Snelhecter Map (Spesifikasi: 5001, Isi 50 Buah)"
[2026-05-22 19:37:23 WIB] [ERROR] Query "Snelhecter Map (Spesifikasi: 5001, Isi 50 Buah)" nihil hasil (TIDAK DITEMUKAN).
[2026-05-22 19:37:23 WIB] [INFO] Mencoba query #2: "5001 isi 50"
[2026-05-22 19:37:25 WIB] [ERROR] Query "5001 isi 50" nihil hasil (TIDAK DITEMUKAN).
[2026-05-22 19:37:25 WIB] [INFO] Mencoba query #3: "snelhecter map 5001 isi 50"
[2026-05-22 19:37:28 WIB] [ERROR] Query "snelhecter map 5001 isi 50" nihil hasil (TIDAK DITEMUKAN).
[2026-05-22 19:37:28 WIB] [INFO] Mencoba query #4: "snelhecter map"
[2026-05-22 19:37:34 WIB] [ERROR] Query "snelhecter map" nihil hasil (TIDAK DITEMUKAN).
[2026-05-22 19:37:34 WIB] [INFO] Mencoba query #5: "snelhecter"
[2026-05-22 19:37:37 WIB] [ERROR] Query "snelhecter" nihil hasil (TIDAK DITEMUKAN).
[2026-05-22 19:37:37 WIB] [INFO] Mencoba query #6: "map"
[2026-05-22 19:37:40 WIB] [ERROR] Query "map" nihil hasil (TIDAK DITEMUKAN).
[2026-05-22 19:37:42 WIB] [INFO] Memulai survei item [11/?]: "Spidol (Spesifikasi: Besar)"
[2026-05-22 19:37:42 WIB] [QUERY] Daftar kata kunci yang dicoba: ["Spidol (Spesifikasi: Besar)","spidol besar","marker besar","pena besar","highlighter besar","spidol permanen besar"]
[2026-05-22 19:37:42 WIB] [INFO] Mencoba query #1: "Spidol (Spesifikasi: Besar)"
[2026-05-22 19:37:44 WIB] [ERROR] Query "Spidol (Spesifikasi: Besar)" nihil hasil (TIDAK DITEMUKAN).
[2026-05-22 19:37:44 WIB] [INFO] Mencoba query #2: "spidol besar"
[2026-05-22 19:37:45 WIB] [ERROR] Query "spidol besar" nihil hasil (TIDAK DITEMUKAN).
[2026-05-22 19:37:45 WIB] [INFO] Mencoba query #3: "marker besar"
[2026-05-22 19:37:46 WIB] [ERROR] Query "marker besar" nihil hasil (TIDAK DITEMUKAN).
[2026-05-22 19:37:46 WIB] [INFO] Mencoba query #4: "pena besar"
[2026-05-22 19:37:48 WIB] [ERROR] Query "pena besar" nihil hasil (TIDAK DITEMUKAN).
[2026-05-22 19:37:48 WIB] [INFO] Mencoba query #5: "highlighter besar"
[2026-05-22 19:37:49 WIB] [ERROR] Query "highlighter besar" nihil hasil (TIDAK DITEMUKAN).
[2026-05-22 19:37:49 WIB] [INFO] Mencoba query #6: "spidol permanen besar"
[2026-05-22 19:37:51 WIB] [ERROR] Query "spidol permanen besar" nihil hasil (TIDAK DITEMUKAN).
[2026-05-22 19:37:53 WIB] [INFO] Memulai survei item [12/?]: "Stapler/Hechmachine (Spesifikasi: Kecil)"
[2026-05-22 19:37:53 WIB] [QUERY] Daftar kata kunci yang dicoba: ["Stapler/Hechmachine (Spesifikasi: Kecil)","stapler kecil","hechmachine kecil","stapler","hechmachine","stapler stapler"]
[2026-05-22 19:37:53 WIB] [INFO] Mencoba query #1: "Stapler/Hechmachine (Spesifikasi: Kecil)"
[2026-05-22 19:37:54 WIB] [ERROR] Query "Stapler/Hechmachine (Spesifikasi: Kecil)" nihil hasil (TIDAK DITEMUKAN).
[2026-05-22 19:37:54 WIB] [INFO] Mencoba query #2: "stapler kecil"
[2026-05-22 19:37:55 WIB] [ERROR] Query "stapler kecil" nihil hasil (TIDAK DITEMUKAN).
[2026-05-22 19:37:55 WIB] [INFO] Mencoba query #3: "hechmachine kecil"
[2026-05-22 19:37:56 WIB] [ERROR] Query "hechmachine kecil" nihil hasil (TIDAK DITEMUKAN).
[2026-05-22 19:37:56 WIB] [INFO] Mencoba query #4: "stapler"
[2026-05-22 19:37:58 WIB] [ERROR] Query "stapler" nihil hasil (TIDAK DITEMUKAN).
[2026-05-22 19:37:58 WIB] [INFO] Mencoba query #5: "hechmachine"
[2026-05-22 19:38:00 WIB] [ERROR] Query "hechmachine" nihil hasil (TIDAK DITEMUKAN).
[2026-05-22 19:38:00 WIB] [INFO] Mencoba query #6: "stapler stapler"
[2026-05-22 19:38:02 WIB] [ERROR] Query "stapler stapler" nihil hasil (TIDAK DITEMUKAN).
[2026-05-22 19:38:07 WIB] [INFO] Memulai survei item [13/?]: "Tinta Stempel (Spesifikasi: 50 Ml)"
[2026-05-22 19:38:07 WIB] [QUERY] Daftar kata kunci yang dicoba: ["Tinta Stempel (Spesifikasi: 50 Ml)","tinta stempel 50 ml","tinta stempel","tinta","stempel"]
[2026-05-22 19:38:07 WIB] [INFO] Mencoba query #1: "Tinta Stempel (Spesifikasi: 50 Ml)"
[2026-05-22 19:38:08 WIB] [ERROR] Query "Tinta Stempel (Spesifikasi: 50 Ml)" nihil hasil (TIDAK DITEMUKAN).
[2026-05-22 19:38:08 WIB] [INFO] Mencoba query #2: "tinta stempel 50 ml"
[2026-05-22 19:38:10 WIB] [ERROR] Query "tinta stempel 50 ml" nihil hasil (TIDAK DITEMUKAN).
[2026-05-22 19:38:10 WIB] [INFO] Mencoba query #3: "tinta stempel"
[2026-05-22 19:38:11 WIB] [ERROR] Query "tinta stempel" nihil hasil (TIDAK DITEMUKAN).
[2026-05-22 19:38:11 WIB] [INFO] Mencoba query #4: "tinta"
[2026-05-22 19:38:12 WIB] [ERROR] Query "tinta" nihil hasil (TIDAK DITEMUKAN).
[2026-05-22 19:38:12 WIB] [INFO] Mencoba query #5: "stempel"
[2026-05-22 19:38:14 WIB] [ERROR] Query "stempel" nihil hasil (TIDAK DITEMUKAN).
[2026-05-22 19:51:55 WIB] [INFO] Memulai survei item [1/?]: "Ballpoint / Ballpen / Pena (Spesifikasi: Ballpoint Baliner)"
[2026-05-22 19:51:55 WIB] [QUERY] Daftar kata kunci yang dicoba: ["Ballpoint Baliner"]
[2026-05-22 19:51:55 WIB] [INFO] Mencoba query #1: "Ballpoint Baliner" di wilayah Nasional
[2026-05-22 19:52:06 WIB] [ERROR] Query "Ballpoint Baliner" nihil hasil (TIDAK DITEMUKAN).
[2026-05-22 19:52:22 WIB] [INFO] Memulai survei item [1/?]: "Alas Triplek"
[2026-05-22 19:52:22 WIB] [QUERY] Daftar kata kunci yang dicoba: ["Alas Triplek","alas triplek","alas","triplek"]
[2026-05-22 19:52:22 WIB] [INFO] Mencoba query #1: "Alas Triplek" di wilayah probolinggo
[2026-05-22 19:52:26 WIB] [ERROR] Query "Alas Triplek" nihil hasil (TIDAK DITEMUKAN).
[2026-05-22 19:52:26 WIB] [INFO] Mencoba query #2: "alas triplek" di wilayah probolinggo
[2026-05-22 19:52:35 WIB] [ERROR] Query "alas triplek" nihil hasil (TIDAK DITEMUKAN).
[2026-05-22 19:52:35 WIB] [INFO] Mencoba query #3: "alas" di wilayah probolinggo
[2026-05-22 19:52:40 WIB] [ERROR] Query "alas" nihil hasil (TIDAK DITEMUKAN).
[2026-05-22 19:52:40 WIB] [INFO] Mencoba query #4: "triplek" di wilayah probolinggo
[2026-05-22 19:52:45 WIB] [ERROR] Query "triplek" nihil hasil (TIDAK DITEMUKAN).
[2026-05-22 19:52:47 WIB] [INFO] Memulai survei item [2/?]: "Ballpoint / Ballpen / Pena (Spesifikasi: Ballpoint Baliner)"
[2026-05-22 19:52:47 WIB] [QUERY] Daftar kata kunci yang dicoba: ["Ballpoint / Ballpen / Pena (Spesifikasi: Ballpoint Baliner)","ballpoint baliner","pulpen baliner","pen baliner","ballpen ballpoint baliner","ballpen pulpen baliner"]
[2026-05-22 19:52:47 WIB] [INFO] Mencoba query #1: "Ballpoint / Ballpen / Pena (Spesifikasi: Ballpoint Baliner)" di wilayah probolinggo
[2026-05-22 19:52:55 WIB] [ERROR] Query "Ballpoint / Ballpen / Pena (Spesifikasi: Ballpoint Baliner)" nihil hasil (TIDAK DITEMUKAN).
[2026-05-22 19:52:55 WIB] [INFO] Mencoba query #2: "ballpoint baliner" di wilayah probolinggo
[2026-05-22 19:53:08 WIB] [ERROR] Query "ballpoint baliner" nihil hasil (TIDAK DITEMUKAN).
[2026-05-22 19:53:08 WIB] [INFO] Mencoba query #3: "pulpen baliner" di wilayah probolinggo
[2026-05-22 19:53:18 WIB] [ERROR] Query "pulpen baliner" nihil hasil (TIDAK DITEMUKAN).
[2026-05-22 19:53:18 WIB] [INFO] Mencoba query #4: "pen baliner" di wilayah probolinggo
[2026-05-22 19:53:28 WIB] [ERROR] Query "pen baliner" nihil hasil (TIDAK DITEMUKAN).
[2026-05-22 19:53:28 WIB] [INFO] Mencoba query #5: "ballpen ballpoint baliner" di wilayah probolinggo
[2026-05-22 19:53:38 WIB] [ERROR] Query "ballpen ballpoint baliner" nihil hasil (TIDAK DITEMUKAN).
[2026-05-22 19:53:38 WIB] [INFO] Mencoba query #6: "ballpen pulpen baliner" di wilayah probolinggo
[2026-05-22 19:53:49 WIB] [ERROR] Query "ballpen pulpen baliner" nihil hasil (TIDAK DITEMUKAN).
[2026-05-22 19:53:51 WIB] [INFO] Memulai survei item [3/?]: "Ballpoint / Ballpen / Pena (Spesifikasi: Biasa, R6 Isi 12 Buah)"
[2026-05-22 19:53:51 WIB] [QUERY] Daftar kata kunci yang dicoba: ["Ballpoint / Ballpen / Pena (Spesifikasi: Biasa, R6 Isi 12 Buah)","biasa r6 isi 12","ballpoint biasa r6 isi 12","pulpen biasa r6 isi 12","pen biasa r6 isi 12","ballpen biasa r6 isi 12"]
[2026-05-22 19:53:51 WIB] [INFO] Mencoba query #1: "Ballpoint / Ballpen / Pena (Spesifikasi: Biasa, R6 Isi 12 Buah)" di wilayah probolinggo
[2026-05-22 19:53:57 WIB] [ERROR] Query "Ballpoint / Ballpen / Pena (Spesifikasi: Biasa, R6 Isi 12 Buah)" nihil hasil (TIDAK DITEMUKAN).
[2026-05-22 19:53:57 WIB] [INFO] Mencoba query #2: "biasa r6 isi 12" di wilayah probolinggo
[2026-05-22 19:54:02 WIB] [ERROR] Query "biasa r6 isi 12" nihil hasil (TIDAK DITEMUKAN).
[2026-05-22 19:54:02 WIB] [INFO] Mencoba query #3: "ballpoint biasa r6 isi 12" di wilayah probolinggo
[2026-05-22 19:54:08 WIB] [ERROR] Query "ballpoint biasa r6 isi 12" nihil hasil (TIDAK DITEMUKAN).
[2026-05-22 19:54:08 WIB] [INFO] Mencoba query #4: "pulpen biasa r6 isi 12" di wilayah probolinggo
[2026-05-22 19:54:16 WIB] [ERROR] Query "pulpen biasa r6 isi 12" nihil hasil (TIDAK DITEMUKAN).
[2026-05-22 19:54:16 WIB] [INFO] Mencoba query #5: "pen biasa r6 isi 12" di wilayah probolinggo
[2026-05-22 19:54:21 WIB] [ERROR] Query "pen biasa r6 isi 12" nihil hasil (TIDAK DITEMUKAN).
[2026-05-22 19:54:21 WIB] [INFO] Mencoba query #6: "ballpen biasa r6 isi 12" di wilayah probolinggo
[2026-05-22 19:54:26 WIB] [ERROR] Query "ballpen biasa r6 isi 12" nihil hasil (TIDAK DITEMUKAN).
[2026-05-22 19:54:28 WIB] [INFO] Memulai survei item [4/?]: "Bantalan Stempel (Spesifikasi: Biasa)"
[2026-05-22 19:54:28 WIB] [QUERY] Daftar kata kunci yang dicoba: ["Bantalan Stempel (Spesifikasi: Biasa)","bantalan stempel biasa","bantalan stempel","bantalan","stempel"]
[2026-05-22 19:54:28 WIB] [INFO] Mencoba query #1: "Bantalan Stempel (Spesifikasi: Biasa)" di wilayah probolinggo
[2026-05-22 19:54:33 WIB] [ERROR] Query "Bantalan Stempel (Spesifikasi: Biasa)" nihil hasil (TIDAK DITEMUKAN).
[2026-05-22 19:54:33 WIB] [INFO] Mencoba query #2: "bantalan stempel biasa" di wilayah probolinggo
[2026-05-22 19:54:37 WIB] [ERROR] Query "bantalan stempel biasa" nihil hasil (TIDAK DITEMUKAN).
[2026-05-22 19:54:37 WIB] [INFO] Mencoba query #3: "bantalan stempel" di wilayah probolinggo
[2026-05-22 19:54:44 WIB] [ERROR] Query "bantalan stempel" nihil hasil (TIDAK DITEMUKAN).
[2026-05-22 19:54:44 WIB] [INFO] Mencoba query #4: "bantalan" di wilayah probolinggo
[2026-05-22 19:54:51 WIB] [ERROR] Query "bantalan" nihil hasil (TIDAK DITEMUKAN).
[2026-05-22 19:54:51 WIB] [INFO] Mencoba query #5: "stempel" di wilayah probolinggo
[2026-05-22 19:54:56 WIB] [ERROR] Query "stempel" nihil hasil (TIDAK DITEMUKAN).
[2026-05-22 19:54:58 WIB] [INFO] Memulai survei item [5/?]: "Gunting (Spesifikasi: Besar)"
[2026-05-22 19:54:58 WIB] [QUERY] Daftar kata kunci yang dicoba: ["Gunting (Spesifikasi: Besar)","gunting besar","gunting","gunting gunting"]
[2026-05-22 19:54:58 WIB] [INFO] Mencoba query #1: "Gunting (Spesifikasi: Besar)" di wilayah probolinggo
[2026-05-22 19:55:03 WIB] [ERROR] Query "Gunting (Spesifikasi: Besar)" nihil hasil (TIDAK DITEMUKAN).
[2026-05-22 19:55:03 WIB] [INFO] Mencoba query #2: "gunting besar" di wilayah probolinggo
[2026-05-22 19:55:07 WIB] [ERROR] Query "gunting besar" nihil hasil (TIDAK DITEMUKAN).
[2026-05-22 19:55:07 WIB] [INFO] Mencoba query #3: "gunting" di wilayah probolinggo
[2026-05-22 19:55:12 WIB] [ERROR] Query "gunting" nihil hasil (TIDAK DITEMUKAN).
[2026-05-22 19:55:12 WIB] [INFO] Mencoba query #4: "gunting gunting" di wilayah probolinggo
[2026-05-22 19:55:16 WIB] [ERROR] Query "gunting gunting" nihil hasil (TIDAK DITEMUKAN).
[2026-05-22 19:55:21 WIB] [INFO] Memulai survei item [6/?]: "Isi Staples (Spesifikasi: No. 10-1M)"
[2026-05-22 19:55:21 WIB] [QUERY] Daftar kata kunci yang dicoba: ["Isi Staples (Spesifikasi: No. 10-1M)","no 10 1m","isi staples no 10 1m","isi steples no 10 1m","isi penjepit kertas no 10 1m","isi stapler no 10 1m"]
[2026-05-22 19:55:21 WIB] [INFO] Mencoba query #1: "Isi Staples (Spesifikasi: No. 10-1M)" di wilayah probolinggo
[2026-05-22 19:55:26 WIB] [ERROR] Query "Isi Staples (Spesifikasi: No. 10-1M)" nihil hasil (TIDAK DITEMUKAN).
[2026-05-22 19:55:26 WIB] [INFO] Mencoba query #2: "no 10 1m" di wilayah probolinggo
[2026-05-22 19:55:31 WIB] [ERROR] Query "no 10 1m" nihil hasil (TIDAK DITEMUKAN).
[2026-05-22 19:55:31 WIB] [INFO] Mencoba query #3: "isi staples no 10 1m" di wilayah probolinggo
[2026-05-22 19:55:35 WIB] [ERROR] Query "isi staples no 10 1m" nihil hasil (TIDAK DITEMUKAN).
[2026-05-22 19:55:35 WIB] [INFO] Mencoba query #4: "isi steples no 10 1m" di wilayah probolinggo
[2026-05-22 19:55:40 WIB] [ERROR] Query "isi steples no 10 1m" nihil hasil (TIDAK DITEMUKAN).
[2026-05-22 19:55:40 WIB] [INFO] Mencoba query #5: "isi penjepit kertas no 10 1m" di wilayah probolinggo
[2026-05-22 19:55:45 WIB] [ERROR] Query "isi penjepit kertas no 10 1m" nihil hasil (TIDAK DITEMUKAN).
[2026-05-22 19:55:45 WIB] [INFO] Mencoba query #6: "isi stapler no 10 1m" di wilayah probolinggo
[2026-05-22 19:55:49 WIB] [ERROR] Query "isi stapler no 10 1m" nihil hasil (TIDAK DITEMUKAN).
[2026-05-22 19:55:55 WIB] [INFO] Memulai survei item [7/?]: "Isolasi Lakban (Spesifikasi: Hitam, Uk 46 mm x 12 m)"
[2026-05-22 19:55:55 WIB] [QUERY] Daftar kata kunci yang dicoba: ["Isolasi Lakban (Spesifikasi: Hitam, Uk 46 mm x 12 m)","hitam uk 46 mm x 12 m","isolasi lakban hitam uk 46 mm x 12 m","isolasi lakban","isolasi","lakban"]
[2026-05-22 19:55:55 WIB] [INFO] Mencoba query #1: "Isolasi Lakban (Spesifikasi: Hitam, Uk 46 mm x 12 m)" di wilayah probolinggo
[2026-05-22 19:55:59 WIB] [ERROR] Query "Isolasi Lakban (Spesifikasi: Hitam, Uk 46 mm x 12 m)" nihil hasil (TIDAK DITEMUKAN).
[2026-05-22 19:55:59 WIB] [INFO] Mencoba query #2: "hitam uk 46 mm x 12 m" di wilayah probolinggo
[2026-05-22 19:56:03 WIB] [ERROR] Query "hitam uk 46 mm x 12 m" nihil hasil (TIDAK DITEMUKAN).
[2026-05-22 19:56:03 WIB] [INFO] Mencoba query #3: "isolasi lakban hitam uk 46 mm x 12 m" di wilayah probolinggo
[2026-05-22 19:56:08 WIB] [ERROR] Query "isolasi lakban hitam uk 46 mm x 12 m" nihil hasil (TIDAK DITEMUKAN).
[2026-05-22 19:56:08 WIB] [INFO] Mencoba query #4: "isolasi lakban" di wilayah probolinggo
[2026-05-22 19:56:13 WIB] [ERROR] Query "isolasi lakban" nihil hasil (TIDAK DITEMUKAN).
[2026-05-22 19:56:13 WIB] [INFO] Mencoba query #5: "isolasi" di wilayah probolinggo
[2026-05-22 19:56:17 WIB] [ERROR] Query "isolasi" nihil hasil (TIDAK DITEMUKAN).
[2026-05-22 19:56:17 WIB] [INFO] Mencoba query #6: "lakban" di wilayah probolinggo
[2026-05-22 19:56:21 WIB] [ERROR] Query "lakban" nihil hasil (TIDAK DITEMUKAN).
[2026-05-22 19:56:23 WIB] [INFO] Memulai survei item [8/?]: "Lem (Spesifikasi: 20 Ml)"
[2026-05-22 19:56:23 WIB] [QUERY] Daftar kata kunci yang dicoba: ["Lem (Spesifikasi: 20 Ml)","lem 20 ml","lem","lem lem"]
[2026-05-22 19:56:23 WIB] [INFO] Mencoba query #1: "Lem (Spesifikasi: 20 Ml)" di wilayah probolinggo
[2026-05-22 19:56:31 WIB] [ERROR] Query "Lem (Spesifikasi: 20 Ml)" nihil hasil (TIDAK DITEMUKAN).
[2026-05-22 19:56:31 WIB] [INFO] Mencoba query #2: "lem 20 ml" di wilayah probolinggo
[2026-05-22 19:56:36 WIB] [ERROR] Query "lem 20 ml" nihil hasil (TIDAK DITEMUKAN).
[2026-05-22 19:56:36 WIB] [INFO] Mencoba query #3: "lem" di wilayah probolinggo
[2026-05-22 19:56:40 WIB] [ERROR] Query "lem" nihil hasil (TIDAK DITEMUKAN).
[2026-05-22 19:56:40 WIB] [INFO] Mencoba query #4: "lem lem" di wilayah probolinggo
[2026-05-22 19:56:45 WIB] [ERROR] Query "lem lem" nihil hasil (TIDAK DITEMUKAN).
[2026-05-22 19:56:47 WIB] [INFO] Memulai survei item [9/?]: "Map Dinas (Spesifikasi: Ukuran F4)"
[2026-05-22 19:56:47 WIB] [QUERY] Daftar kata kunci yang dicoba: ["Map Dinas (Spesifikasi: Ukuran F4)","map dinas f4","map dinas","map","dinas"]
[2026-05-22 19:56:47 WIB] [INFO] Mencoba query #1: "Map Dinas (Spesifikasi: Ukuran F4)" di wilayah probolinggo
[2026-05-22 19:56:51 WIB] [ERROR] Query "Map Dinas (Spesifikasi: Ukuran F4)" nihil hasil (TIDAK DITEMUKAN).
[2026-05-22 19:56:51 WIB] [INFO] Mencoba query #2: "map dinas f4" di wilayah probolinggo
[2026-05-22 19:56:56 WIB] [ERROR] Query "map dinas f4" nihil hasil (TIDAK DITEMUKAN).
[2026-05-22 19:56:56 WIB] [INFO] Mencoba query #3: "map dinas" di wilayah probolinggo
[2026-05-22 19:57:04 WIB] [ERROR] Query "map dinas" nihil hasil (TIDAK DITEMUKAN).
[2026-05-22 19:57:04 WIB] [INFO] Mencoba query #4: "map" di wilayah probolinggo
[2026-05-22 19:57:08 WIB] [ERROR] Query "map" nihil hasil (TIDAK DITEMUKAN).
[2026-05-22 19:57:08 WIB] [INFO] Mencoba query #5: "dinas" di wilayah probolinggo
[2026-05-22 19:57:13 WIB] [ERROR] Query "dinas" nihil hasil (TIDAK DITEMUKAN).
[2026-05-22 19:57:15 WIB] [INFO] Memulai survei item [10/?]: "Snelhecter Map (Spesifikasi: 5001, Isi 50 Buah)"
[2026-05-22 19:57:15 WIB] [QUERY] Daftar kata kunci yang dicoba: ["Snelhecter Map (Spesifikasi: 5001, Isi 50 Buah)","5001 isi 50","snelhecter map 5001 isi 50","snelhecter map","snelhecter","map"]
[2026-05-22 19:57:15 WIB] [INFO] Mencoba query #1: "Snelhecter Map (Spesifikasi: 5001, Isi 50 Buah)" di wilayah probolinggo
[2026-05-22 19:57:24 WIB] [ERROR] Query "Snelhecter Map (Spesifikasi: 5001, Isi 50 Buah)" nihil hasil (TIDAK DITEMUKAN).
[2026-05-22 19:57:24 WIB] [INFO] Mencoba query #2: "5001 isi 50" di wilayah probolinggo
[2026-05-22 19:57:36 WIB] [ERROR] Query "5001 isi 50" nihil hasil (TIDAK DITEMUKAN).
[2026-05-22 19:57:36 WIB] [INFO] Mencoba query #3: "snelhecter map 5001 isi 50" di wilayah probolinggo
[2026-05-22 19:57:46 WIB] [ERROR] Query "snelhecter map 5001 isi 50" nihil hasil (TIDAK DITEMUKAN).
[2026-05-22 19:57:46 WIB] [INFO] Mencoba query #4: "snelhecter map" di wilayah probolinggo
[2026-05-22 19:57:58 WIB] [ERROR] Query "snelhecter map" nihil hasil (TIDAK DITEMUKAN).
[2026-05-22 19:57:58 WIB] [INFO] Mencoba query #5: "snelhecter" di wilayah probolinggo
[2026-05-22 19:58:11 WIB] [ERROR] Query "snelhecter" nihil hasil (TIDAK DITEMUKAN).
[2026-05-22 19:58:11 WIB] [INFO] Mencoba query #6: "map" di wilayah probolinggo
[2026-05-22 19:58:20 WIB] [ERROR] Query "map" nihil hasil (TIDAK DITEMUKAN).
[2026-05-22 19:58:22 WIB] [INFO] Memulai survei item [11/?]: "Spidol (Spesifikasi: Besar)"
[2026-05-22 19:58:22 WIB] [QUERY] Daftar kata kunci yang dicoba: ["Spidol (Spesifikasi: Besar)","spidol besar","marker besar","pena besar","highlighter besar","spidol permanen besar"]
[2026-05-22 19:58:22 WIB] [INFO] Mencoba query #1: "Spidol (Spesifikasi: Besar)" di wilayah probolinggo
[2026-05-22 19:58:29 WIB] [ERROR] Query "Spidol (Spesifikasi: Besar)" nihil hasil (TIDAK DITEMUKAN).
[2026-05-22 19:58:29 WIB] [INFO] Mencoba query #2: "spidol besar" di wilayah probolinggo
[2026-05-22 19:58:35 WIB] [ERROR] Query "spidol besar" nihil hasil (TIDAK DITEMUKAN).
[2026-05-22 19:58:35 WIB] [INFO] Mencoba query #3: "marker besar" di wilayah probolinggo
[2026-05-22 19:58:44 WIB] [ERROR] Query "marker besar" nihil hasil (TIDAK DITEMUKAN).
[2026-05-22 19:58:44 WIB] [INFO] Mencoba query #4: "pena besar" di wilayah probolinggo
[2026-05-22 19:58:49 WIB] [ERROR] Query "pena besar" nihil hasil (TIDAK DITEMUKAN).
[2026-05-22 19:58:49 WIB] [INFO] Mencoba query #5: "highlighter besar" di wilayah probolinggo
[2026-05-22 19:58:53 WIB] [ERROR] Query "highlighter besar" nihil hasil (TIDAK DITEMUKAN).
[2026-05-22 19:58:53 WIB] [INFO] Mencoba query #6: "spidol permanen besar" di wilayah probolinggo
[2026-05-22 19:58:58 WIB] [ERROR] Query "spidol permanen besar" nihil hasil (TIDAK DITEMUKAN).
[2026-05-22 19:59:00 WIB] [INFO] Memulai survei item [12/?]: "Stapler/Hechmachine (Spesifikasi: Kecil)"
[2026-05-22 19:59:00 WIB] [QUERY] Daftar kata kunci yang dicoba: ["Stapler/Hechmachine (Spesifikasi: Kecil)","stapler kecil","hechmachine kecil","stapler","hechmachine","stapler stapler"]
[2026-05-22 19:59:00 WIB] [INFO] Mencoba query #1: "Stapler/Hechmachine (Spesifikasi: Kecil)" di wilayah probolinggo
[2026-05-22 19:59:05 WIB] [ERROR] Query "Stapler/Hechmachine (Spesifikasi: Kecil)" nihil hasil (TIDAK DITEMUKAN).
[2026-05-22 19:59:05 WIB] [INFO] Mencoba query #2: "stapler kecil" di wilayah probolinggo
[2026-05-22 19:59:12 WIB] [ERROR] Query "stapler kecil" nihil hasil (TIDAK DITEMUKAN).
[2026-05-22 19:59:12 WIB] [INFO] Mencoba query #3: "hechmachine kecil" di wilayah probolinggo
[2026-05-22 19:59:19 WIB] [ERROR] Query "hechmachine kecil" nihil hasil (TIDAK DITEMUKAN).
[2026-05-22 19:59:19 WIB] [INFO] Mencoba query #4: "stapler" di wilayah probolinggo
[2026-05-22 19:59:23 WIB] [ERROR] Query "stapler" nihil hasil (TIDAK DITEMUKAN).
[2026-05-22 19:59:23 WIB] [INFO] Mencoba query #5: "hechmachine" di wilayah probolinggo
[2026-05-22 19:59:27 WIB] [ERROR] Query "hechmachine" nihil hasil (TIDAK DITEMUKAN).
[2026-05-22 19:59:27 WIB] [INFO] Mencoba query #6: "stapler stapler" di wilayah probolinggo
[2026-05-22 19:59:32 WIB] [ERROR] Query "stapler stapler" nihil hasil (TIDAK DITEMUKAN).
[2026-05-22 19:59:34 WIB] [INFO] Memulai survei item [13/?]: "Tinta Stempel (Spesifikasi: 50 Ml)"
[2026-05-22 19:59:34 WIB] [QUERY] Daftar kata kunci yang dicoba: ["Tinta Stempel (Spesifikasi: 50 Ml)","tinta stempel 50 ml","tinta stempel","tinta","stempel"]
[2026-05-22 19:59:34 WIB] [INFO] Mencoba query #1: "Tinta Stempel (Spesifikasi: 50 Ml)" di wilayah probolinggo
[2026-05-22 19:59:38 WIB] [ERROR] Query "Tinta Stempel (Spesifikasi: 50 Ml)" nihil hasil (TIDAK DITEMUKAN).
[2026-05-22 19:59:38 WIB] [INFO] Mencoba query #2: "tinta stempel 50 ml" di wilayah probolinggo
[2026-05-22 19:59:42 WIB] [ERROR] Query "tinta stempel 50 ml" nihil hasil (TIDAK DITEMUKAN).
[2026-05-22 19:59:42 WIB] [INFO] Mencoba query #3: "tinta stempel" di wilayah probolinggo
[2026-05-22 19:59:50 WIB] [ERROR] Query "tinta stempel" nihil hasil (TIDAK DITEMUKAN).
[2026-05-22 19:59:50 WIB] [INFO] Mencoba query #4: "tinta" di wilayah probolinggo
[2026-05-22 19:59:55 WIB] [ERROR] Query "tinta" nihil hasil (TIDAK DITEMUKAN).
[2026-05-22 19:59:55 WIB] [INFO] Mencoba query #5: "stempel" di wilayah probolinggo
[2026-05-22 19:59:59 WIB] [ERROR] Query "stempel" nihil hasil (TIDAK DITEMUKAN).
[2026-05-22 20:02:19 WIB] [INFO] Memulai survei item [1/?]: "Alas Triplek"
[2026-05-22 20:02:19 WIB] [QUERY] Daftar kata kunci yang dicoba: ["Alas Triplek","alas triplek","alas","triplek"]
[2026-05-22 20:02:19 WIB] [INFO] Mencoba query #1: "Alas Triplek" di wilayah Probolinggo
[2026-05-22 20:02:24 WIB] [ERROR] Query "Alas Triplek" nihil hasil (TIDAK DITEMUKAN).
[2026-05-22 20:02:24 WIB] [INFO] Mencoba query #2: "alas triplek" di wilayah Probolinggo
[2026-05-22 20:02:29 WIB] [ERROR] Query "alas triplek" nihil hasil (TIDAK DITEMUKAN).
[2026-05-22 20:02:29 WIB] [INFO] Mencoba query #3: "alas" di wilayah Probolinggo
[2026-05-22 20:02:37 WIB] [ERROR] Query "alas" nihil hasil (TIDAK DITEMUKAN).
[2026-05-22 20:02:37 WIB] [INFO] Mencoba query #4: "triplek" di wilayah Probolinggo
[2026-05-22 20:02:41 WIB] [ERROR] Query "triplek" nihil hasil (TIDAK DITEMUKAN).
[2026-05-22 20:02:43 WIB] [INFO] Memulai survei item [2/?]: "Ballpoint / Ballpen / Pena (Spesifikasi: Ballpoint Baliner)"
[2026-05-22 20:02:43 WIB] [QUERY] Daftar kata kunci yang dicoba: ["Ballpoint / Ballpen / Pena (Spesifikasi: Ballpoint Baliner)","ballpoint baliner","pulpen baliner","pen baliner","ballpen ballpoint baliner","ballpen pulpen baliner"]
[2026-05-22 20:02:43 WIB] [INFO] Mencoba query #1: "Ballpoint / Ballpen / Pena (Spesifikasi: Ballpoint Baliner)" di wilayah Probolinggo
[2026-05-22 20:02:52 WIB] [ERROR] Query "Ballpoint / Ballpen / Pena (Spesifikasi: Ballpoint Baliner)" nihil hasil (TIDAK DITEMUKAN).
[2026-05-22 20:02:52 WIB] [INFO] Mencoba query #2: "ballpoint baliner" di wilayah Probolinggo
[2026-05-22 20:03:01 WIB] [ERROR] Query "ballpoint baliner" nihil hasil (TIDAK DITEMUKAN).
[2026-05-22 20:03:01 WIB] [INFO] Mencoba query #3: "pulpen baliner" di wilayah Probolinggo
[2026-05-22 20:03:13 WIB] [ERROR] Query "pulpen baliner" nihil hasil (TIDAK DITEMUKAN).
[2026-05-22 20:03:13 WIB] [INFO] Mencoba query #4: "pen baliner" di wilayah Probolinggo
[2026-05-22 20:03:22 WIB] [ERROR] Query "pen baliner" nihil hasil (TIDAK DITEMUKAN).
[2026-05-22 20:03:22 WIB] [INFO] Mencoba query #5: "ballpen ballpoint baliner" di wilayah Probolinggo
[2026-05-22 20:03:31 WIB] [ERROR] Query "ballpen ballpoint baliner" nihil hasil (TIDAK DITEMUKAN).
[2026-05-22 20:03:31 WIB] [INFO] Mencoba query #6: "ballpen pulpen baliner" di wilayah Probolinggo
[2026-05-22 20:03:43 WIB] [ERROR] Query "ballpen pulpen baliner" nihil hasil (TIDAK DITEMUKAN).
[2026-05-22 20:03:45 WIB] [INFO] Memulai survei item [3/?]: "Ballpoint / Ballpen / Pena (Spesifikasi: Biasa, R6 Isi 12 Buah)"
[2026-05-22 20:03:45 WIB] [QUERY] Daftar kata kunci yang dicoba: ["Ballpoint / Ballpen / Pena (Spesifikasi: Biasa, R6 Isi 12 Buah)","biasa r6 isi 12","ballpoint biasa r6 isi 12","pulpen biasa r6 isi 12","pen biasa r6 isi 12","ballpen biasa r6 isi 12"]
[2026-05-22 20:03:45 WIB] [INFO] Mencoba query #1: "Ballpoint / Ballpen / Pena (Spesifikasi: Biasa, R6 Isi 12 Buah)" di wilayah Probolinggo
[2026-05-22 20:03:49 WIB] [ERROR] Query "Ballpoint / Ballpen / Pena (Spesifikasi: Biasa, R6 Isi 12 Buah)" nihil hasil (TIDAK DITEMUKAN).
[2026-05-22 20:03:49 WIB] [INFO] Mencoba query #2: "biasa r6 isi 12" di wilayah Probolinggo
[2026-05-22 20:03:53 WIB] [ERROR] Query "biasa r6 isi 12" nihil hasil (TIDAK DITEMUKAN).
[2026-05-22 20:03:53 WIB] [INFO] Mencoba query #3: "ballpoint biasa r6 isi 12" di wilayah Probolinggo
[2026-05-22 20:03:58 WIB] [ERROR] Query "ballpoint biasa r6 isi 12" nihil hasil (TIDAK DITEMUKAN).
[2026-05-22 20:03:58 WIB] [INFO] Mencoba query #4: "pulpen biasa r6 isi 12" di wilayah Probolinggo
[2026-05-22 20:04:02 WIB] [ERROR] Query "pulpen biasa r6 isi 12" nihil hasil (TIDAK DITEMUKAN).
[2026-05-22 20:04:02 WIB] [INFO] Mencoba query #5: "pen biasa r6 isi 12" di wilayah Probolinggo
[2026-05-22 20:04:06 WIB] [ERROR] Query "pen biasa r6 isi 12" nihil hasil (TIDAK DITEMUKAN).
[2026-05-22 20:04:06 WIB] [INFO] Mencoba query #6: "ballpen biasa r6 isi 12" di wilayah Probolinggo
[2026-05-22 20:04:12 WIB] [ERROR] Query "ballpen biasa r6 isi 12" nihil hasil (TIDAK DITEMUKAN).
[2026-05-22 20:04:16 WIB] [INFO] Memulai survei item [4/?]: "Bantalan Stempel (Spesifikasi: Biasa)"
[2026-05-22 20:04:16 WIB] [QUERY] Daftar kata kunci yang dicoba: ["Bantalan Stempel (Spesifikasi: Biasa)","bantalan stempel biasa","bantalan stempel","bantalan","stempel"]
[2026-05-22 20:04:16 WIB] [INFO] Mencoba query #1: "Bantalan Stempel (Spesifikasi: Biasa)" di wilayah Probolinggo
[2026-05-22 20:04:21 WIB] [ERROR] Query "Bantalan Stempel (Spesifikasi: Biasa)" nihil hasil (TIDAK DITEMUKAN).
[2026-05-22 20:04:21 WIB] [INFO] Mencoba query #2: "bantalan stempel biasa" di wilayah Probolinggo
[2026-05-22 20:04:25 WIB] [ERROR] Query "bantalan stempel biasa" nihil hasil (TIDAK DITEMUKAN).
[2026-05-22 20:04:25 WIB] [INFO] Mencoba query #3: "bantalan stempel" di wilayah Probolinggo
[2026-05-22 20:04:29 WIB] [ERROR] Query "bantalan stempel" nihil hasil (TIDAK DITEMUKAN).
[2026-05-22 20:04:29 WIB] [INFO] Mencoba query #4: "bantalan" di wilayah Probolinggo
[2026-05-22 20:04:33 WIB] [ERROR] Query "bantalan" nihil hasil (TIDAK DITEMUKAN).
[2026-05-22 20:04:33 WIB] [INFO] Mencoba query #5: "stempel" di wilayah Probolinggo
[2026-05-22 20:04:38 WIB] [ERROR] Query "stempel" nihil hasil (TIDAK DITEMUKAN).
[2026-05-22 20:04:40 WIB] [INFO] Memulai survei item [5/?]: "Gunting (Spesifikasi: Besar)"
[2026-05-22 20:04:40 WIB] [QUERY] Daftar kata kunci yang dicoba: ["Gunting (Spesifikasi: Besar)","gunting besar","gunting","gunting gunting"]
[2026-05-22 20:04:40 WIB] [INFO] Mencoba query #1: "Gunting (Spesifikasi: Besar)" di wilayah Probolinggo
[2026-05-22 20:04:45 WIB] [ERROR] Query "Gunting (Spesifikasi: Besar)" nihil hasil (TIDAK DITEMUKAN).
[2026-05-22 20:04:45 WIB] [INFO] Mencoba query #2: "gunting besar" di wilayah Probolinggo
[2026-05-22 20:04:52 WIB] [ERROR] Query "gunting besar" nihil hasil (TIDAK DITEMUKAN).
[2026-05-22 20:04:52 WIB] [INFO] Mencoba query #3: "gunting" di wilayah Probolinggo
[2026-05-22 20:04:56 WIB] [ERROR] Query "gunting" nihil hasil (TIDAK DITEMUKAN).
[2026-05-22 20:04:56 WIB] [INFO] Mencoba query #4: "gunting gunting" di wilayah Probolinggo
[2026-05-22 20:05:01 WIB] [ERROR] Query "gunting gunting" nihil hasil (TIDAK DITEMUKAN).
[2026-05-22 20:05:03 WIB] [INFO] Memulai survei item [6/?]: "Isi Staples (Spesifikasi: No. 10-1M)"
[2026-05-22 20:05:03 WIB] [QUERY] Daftar kata kunci yang dicoba: ["Isi Staples (Spesifikasi: No. 10-1M)","no 10 1m","isi staples no 10 1m","isi steples no 10 1m","isi penjepit kertas no 10 1m","isi stapler no 10 1m"]
[2026-05-22 20:05:03 WIB] [INFO] Mencoba query #1: "Isi Staples (Spesifikasi: No. 10-1M)" di wilayah Probolinggo
[2026-05-22 20:05:07 WIB] [ERROR] Query "Isi Staples (Spesifikasi: No. 10-1M)" nihil hasil (TIDAK DITEMUKAN).
[2026-05-22 20:05:07 WIB] [INFO] Mencoba query #2: "no 10 1m" di wilayah Probolinggo
[2026-05-22 20:05:12 WIB] [ERROR] Query "no 10 1m" nihil hasil (TIDAK DITEMUKAN).
[2026-05-22 20:05:12 WIB] [INFO] Mencoba query #3: "isi staples no 10 1m" di wilayah Probolinggo
[2026-05-22 20:05:16 WIB] [ERROR] Query "isi staples no 10 1m" nihil hasil (TIDAK DITEMUKAN).
[2026-05-22 20:05:16 WIB] [INFO] Mencoba query #4: "isi steples no 10 1m" di wilayah Probolinggo
[2026-05-22 20:05:24 WIB] [ERROR] Query "isi steples no 10 1m" nihil hasil (TIDAK DITEMUKAN).
[2026-05-22 20:05:24 WIB] [INFO] Mencoba query #5: "isi penjepit kertas no 10 1m" di wilayah Probolinggo
[2026-05-22 20:05:28 WIB] [ERROR] Query "isi penjepit kertas no 10 1m" nihil hasil (TIDAK DITEMUKAN).
[2026-05-22 20:05:28 WIB] [INFO] Mencoba query #6: "isi stapler no 10 1m" di wilayah Probolinggo
[2026-05-22 20:05:33 WIB] [ERROR] Query "isi stapler no 10 1m" nihil hasil (TIDAK DITEMUKAN).
[2026-05-22 20:05:35 WIB] [INFO] Memulai survei item [7/?]: "Isolasi Lakban (Spesifikasi: Hitam, Uk 46 mm x 12 m)"
[2026-05-22 20:05:35 WIB] [QUERY] Daftar kata kunci yang dicoba: ["Isolasi Lakban (Spesifikasi: Hitam, Uk 46 mm x 12 m)","hitam uk 46 mm x 12 m","isolasi lakban hitam uk 46 mm x 12 m","isolasi lakban","isolasi","lakban"]
[2026-05-22 20:05:35 WIB] [INFO] Mencoba query #1: "Isolasi Lakban (Spesifikasi: Hitam, Uk 46 mm x 12 m)" di wilayah Probolinggo
[2026-05-22 20:05:39 WIB] [ERROR] Query "Isolasi Lakban (Spesifikasi: Hitam, Uk 46 mm x 12 m)" nihil hasil (TIDAK DITEMUKAN).
[2026-05-22 20:05:39 WIB] [INFO] Mencoba query #2: "hitam uk 46 mm x 12 m" di wilayah Probolinggo
[2026-05-22 20:05:43 WIB] [ERROR] Query "hitam uk 46 mm x 12 m" nihil hasil (TIDAK DITEMUKAN).
[2026-05-22 20:05:43 WIB] [INFO] Mencoba query #3: "isolasi lakban hitam uk 46 mm x 12 m" di wilayah Probolinggo
[2026-05-22 20:05:48 WIB] [ERROR] Query "isolasi lakban hitam uk 46 mm x 12 m" nihil hasil (TIDAK DITEMUKAN).
[2026-05-22 20:05:48 WIB] [INFO] Mencoba query #4: "isolasi lakban" di wilayah Probolinggo
[2026-05-22 20:05:56 WIB] [ERROR] Query "isolasi lakban" nihil hasil (TIDAK DITEMUKAN).
[2026-05-22 20:05:56 WIB] [INFO] Mencoba query #5: "isolasi" di wilayah Probolinggo
[2026-05-22 20:06:00 WIB] [ERROR] Query "isolasi" nihil hasil (TIDAK DITEMUKAN).
[2026-05-22 20:06:00 WIB] [INFO] Mencoba query #6: "lakban" di wilayah Probolinggo
[2026-05-22 20:06:04 WIB] [ERROR] Query "lakban" nihil hasil (TIDAK DITEMUKAN).
[2026-05-22 20:06:06 WIB] [INFO] Memulai survei item [8/?]: "Lem (Spesifikasi: 20 Ml)"
[2026-05-22 20:06:06 WIB] [QUERY] Daftar kata kunci yang dicoba: ["Lem (Spesifikasi: 20 Ml)","lem 20 ml","lem","lem lem"]
[2026-05-22 20:06:06 WIB] [INFO] Mencoba query #1: "Lem (Spesifikasi: 20 Ml)" di wilayah Probolinggo
[2026-05-22 20:06:11 WIB] [ERROR] Query "Lem (Spesifikasi: 20 Ml)" nihil hasil (TIDAK DITEMUKAN).
[2026-05-22 20:06:11 WIB] [INFO] Mencoba query #2: "lem 20 ml" di wilayah Probolinggo
[2026-05-22 20:06:15 WIB] [ERROR] Query "lem 20 ml" nihil hasil (TIDAK DITEMUKAN).
[2026-05-22 20:06:15 WIB] [INFO] Mencoba query #3: "lem" di wilayah Probolinggo
[2026-05-22 20:06:19 WIB] [ERROR] Query "lem" nihil hasil (TIDAK DITEMUKAN).
[2026-05-22 20:06:19 WIB] [INFO] Mencoba query #4: "lem lem" di wilayah Probolinggo
[2026-05-22 20:06:24 WIB] [ERROR] Query "lem lem" nihil hasil (TIDAK DITEMUKAN).
[2026-05-22 20:06:29 WIB] [INFO] Memulai survei item [9/?]: "Map Dinas (Spesifikasi: Ukuran F4)"
[2026-05-22 20:06:29 WIB] [QUERY] Daftar kata kunci yang dicoba: ["Map Dinas (Spesifikasi: Ukuran F4)","map dinas f4","map dinas","map","dinas"]
[2026-05-22 20:06:29 WIB] [INFO] Mencoba query #1: "Map Dinas (Spesifikasi: Ukuran F4)" di wilayah Probolinggo
[2026-05-22 20:06:34 WIB] [ERROR] Query "Map Dinas (Spesifikasi: Ukuran F4)" nihil hasil (TIDAK DITEMUKAN).
[2026-05-22 20:06:34 WIB] [INFO] Mencoba query #2: "map dinas f4" di wilayah Probolinggo
[2026-05-22 20:06:38 WIB] [ERROR] Query "map dinas f4" nihil hasil (TIDAK DITEMUKAN).
[2026-05-22 20:06:38 WIB] [INFO] Mencoba query #3: "map dinas" di wilayah Probolinggo
[2026-05-22 20:06:43 WIB] [ERROR] Query "map dinas" nihil hasil (TIDAK DITEMUKAN).
[2026-05-22 20:06:43 WIB] [INFO] Mencoba query #4: "map" di wilayah Probolinggo
[2026-05-22 20:06:47 WIB] [ERROR] Query "map" nihil hasil (TIDAK DITEMUKAN).
[2026-05-22 20:06:47 WIB] [INFO] Mencoba query #5: "dinas" di wilayah Probolinggo
[2026-05-22 20:06:52 WIB] [ERROR] Query "dinas" nihil hasil (TIDAK DITEMUKAN).
[2026-05-22 20:06:54 WIB] [INFO] Memulai survei item [10/?]: "Snelhecter Map (Spesifikasi: 5001, Isi 50 Buah)"
[2026-05-22 20:06:54 WIB] [QUERY] Daftar kata kunci yang dicoba: ["Snelhecter Map (Spesifikasi: 5001, Isi 50 Buah)","5001 isi 50","snelhecter map 5001 isi 50","snelhecter map","snelhecter","map"]
[2026-05-22 20:06:54 WIB] [INFO] Mencoba query #1: "Snelhecter Map (Spesifikasi: 5001, Isi 50 Buah)" di wilayah Probolinggo
[2026-05-22 20:07:06 WIB] [ERROR] Query "Snelhecter Map (Spesifikasi: 5001, Isi 50 Buah)" nihil hasil (TIDAK DITEMUKAN).
[2026-05-22 20:07:06 WIB] [INFO] Mencoba query #2: "5001 isi 50" di wilayah Probolinggo
[2026-05-22 20:07:15 WIB] [ERROR] Query "5001 isi 50" nihil hasil (TIDAK DITEMUKAN).
[2026-05-22 20:07:15 WIB] [INFO] Mencoba query #3: "snelhecter map 5001 isi 50" di wilayah Probolinggo
[2026-05-22 20:07:24 WIB] [ERROR] Query "snelhecter map 5001 isi 50" nihil hasil (TIDAK DITEMUKAN).
[2026-05-22 20:07:24 WIB] [INFO] Mencoba query #4: "snelhecter map" di wilayah Probolinggo
[2026-05-22 20:07:36 WIB] [ERROR] Query "snelhecter map" nihil hasil (TIDAK DITEMUKAN).
[2026-05-22 20:07:36 WIB] [INFO] Mencoba query #5: "snelhecter" di wilayah Probolinggo
[2026-05-22 20:07:45 WIB] [ERROR] Query "snelhecter" nihil hasil (TIDAK DITEMUKAN).
[2026-05-22 20:07:45 WIB] [INFO] Mencoba query #6: "map" di wilayah Probolinggo
[2026-05-22 20:07:54 WIB] [ERROR] Query "map" nihil hasil (TIDAK DITEMUKAN).
[2026-05-22 20:07:56 WIB] [INFO] Memulai survei item [11/?]: "Spidol (Spesifikasi: Besar)"
[2026-05-22 20:07:56 WIB] [QUERY] Daftar kata kunci yang dicoba: ["Spidol (Spesifikasi: Besar)","spidol besar","marker besar","pena besar","highlighter besar","spidol permanen besar"]
[2026-05-22 20:07:56 WIB] [INFO] Mencoba query #1: "Spidol (Spesifikasi: Besar)" di wilayah Probolinggo
[2026-05-22 20:08:01 WIB] [ERROR] Query "Spidol (Spesifikasi: Besar)" nihil hasil (TIDAK DITEMUKAN).
[2026-05-22 20:08:01 WIB] [INFO] Mencoba query #2: "spidol besar" di wilayah Probolinggo
[2026-05-22 20:08:08 WIB] [ERROR] Query "spidol besar" nihil hasil (TIDAK DITEMUKAN).
[2026-05-22 20:08:08 WIB] [INFO] Mencoba query #3: "marker besar" di wilayah Probolinggo
[2026-05-22 20:08:13 WIB] [ERROR] Query "marker besar" nihil hasil (TIDAK DITEMUKAN).
[2026-05-22 20:08:13 WIB] [INFO] Mencoba query #4: "pena besar" di wilayah Probolinggo
[2026-05-22 20:08:17 WIB] [ERROR] Query "pena besar" nihil hasil (TIDAK DITEMUKAN).
[2026-05-22 20:08:17 WIB] [INFO] Mencoba query #5: "highlighter besar" di wilayah Probolinggo
[2026-05-22 20:08:22 WIB] [ERROR] Query "highlighter besar" nihil hasil (TIDAK DITEMUKAN).
[2026-05-22 20:08:22 WIB] [INFO] Mencoba query #6: "spidol permanen besar" di wilayah Probolinggo
[2026-05-22 20:08:26 WIB] [ERROR] Query "spidol permanen besar" nihil hasil (TIDAK DITEMUKAN).
[2026-05-22 20:08:28 WIB] [INFO] Memulai survei item [12/?]: "Stapler/Hechmachine (Spesifikasi: Kecil)"
[2026-05-22 20:08:28 WIB] [QUERY] Daftar kata kunci yang dicoba: ["Stapler/Hechmachine (Spesifikasi: Kecil)","stapler kecil","hechmachine kecil","stapler","hechmachine","stapler stapler"]
[2026-05-22 20:08:28 WIB] [INFO] Mencoba query #1: "Stapler/Hechmachine (Spesifikasi: Kecil)" di wilayah Probolinggo
[2026-05-22 20:08:33 WIB] [ERROR] Query "Stapler/Hechmachine (Spesifikasi: Kecil)" nihil hasil (TIDAK DITEMUKAN).
[2026-05-22 20:08:33 WIB] [INFO] Mencoba query #2: "stapler kecil" di wilayah Probolinggo
[2026-05-22 20:08:38 WIB] [ERROR] Query "stapler kecil" nihil hasil (TIDAK DITEMUKAN).
[2026-05-22 20:08:38 WIB] [INFO] Mencoba query #3: "hechmachine kecil" di wilayah Probolinggo
[2026-05-22 20:08:45 WIB] [ERROR] Query "hechmachine kecil" nihil hasil (TIDAK DITEMUKAN).
[2026-05-22 20:08:45 WIB] [INFO] Mencoba query #4: "stapler" di wilayah Probolinggo
[2026-05-22 20:08:49 WIB] [ERROR] Query "stapler" nihil hasil (TIDAK DITEMUKAN).
[2026-05-22 20:08:49 WIB] [INFO] Mencoba query #5: "hechmachine" di wilayah Probolinggo
[2026-05-22 20:08:54 WIB] [ERROR] Query "hechmachine" nihil hasil (TIDAK DITEMUKAN).
[2026-05-22 20:08:54 WIB] [INFO] Mencoba query #6: "stapler stapler" di wilayah Probolinggo
[2026-05-22 20:08:58 WIB] [ERROR] Query "stapler stapler" nihil hasil (TIDAK DITEMUKAN).
[2026-05-22 20:09:00 WIB] [INFO] Memulai survei item [13/?]: "Tinta Stempel (Spesifikasi: 50 Ml)"
[2026-05-22 20:09:00 WIB] [QUERY] Daftar kata kunci yang dicoba: ["Tinta Stempel (Spesifikasi: 50 Ml)","tinta stempel 50 ml","tinta stempel","tinta","stempel"]
[2026-05-22 20:09:00 WIB] [INFO] Mencoba query #1: "Tinta Stempel (Spesifikasi: 50 Ml)" di wilayah Probolinggo
[2026-05-22 20:09:05 WIB] [ERROR] Query "Tinta Stempel (Spesifikasi: 50 Ml)" nihil hasil (TIDAK DITEMUKAN).
[2026-05-22 20:09:05 WIB] [INFO] Mencoba query #2: "tinta stempel 50 ml" di wilayah Probolinggo
[2026-05-22 20:09:09 WIB] [ERROR] Query "tinta stempel 50 ml" nihil hasil (TIDAK DITEMUKAN).
[2026-05-22 20:09:09 WIB] [INFO] Mencoba query #3: "tinta stempel" di wilayah Probolinggo
[2026-05-22 20:09:17 WIB] [ERROR] Query "tinta stempel" nihil hasil (TIDAK DITEMUKAN).
[2026-05-22 20:09:17 WIB] [INFO] Mencoba query #4: "tinta" di wilayah Probolinggo
[2026-05-22 20:09:22 WIB] [ERROR] Query "tinta" nihil hasil (TIDAK DITEMUKAN).
[2026-05-22 20:09:22 WIB] [INFO] Mencoba query #5: "stempel" di wilayah Probolinggo
[2026-05-22 20:09:26 WIB] [ERROR] Query "stempel" nihil hasil (TIDAK DITEMUKAN).
[2026-05-22 20:11:33 WIB] [INFO] Memulai survei item [1/?]: "Ballpoint / Ballpen / Pena (Spesifikasi: Ballpoint Baliner)"
[2026-05-22 20:11:33 WIB] [QUERY] Daftar kata kunci yang dicoba: ["Ballpoint Baliner"]
[2026-05-22 20:11:33 WIB] [INFO] Mencoba query #1: "Ballpoint Baliner" di wilayah Nasional
[2026-05-22 20:11:39 WIB] [ERROR] Query "Ballpoint Baliner" nihil hasil (TIDAK DITEMUKAN).
[2026-05-22 20:23:38 WIB] [INFO] Memulai survei item [1/?]: "Alas Triplek"
[2026-05-22 20:23:38 WIB] [QUERY] Daftar kata kunci yang dicoba: ["Alas Triplek","alas triplek","alas","triplek"]
[2026-05-22 20:23:38 WIB] [INFO] Mencoba query #1: "Alas Triplek" di wilayah Probolinggo
[2026-05-22 20:23:57 WIB] [ERROR] Query "Alas Triplek" nihil hasil (TIDAK DITEMUKAN).
[2026-05-22 20:23:57 WIB] [INFO] Mencoba query #2: "alas triplek" di wilayah Probolinggo
[2026-05-22 20:24:05 WIB] [ERROR] Query "alas triplek" nihil hasil (TIDAK DITEMUKAN).
[2026-05-22 20:24:05 WIB] [INFO] Mencoba query #3: "alas" di wilayah Probolinggo
[2026-05-22 20:24:15 WIB] [ERROR] Query "alas" nihil hasil (TIDAK DITEMUKAN).
[2026-05-22 20:24:15 WIB] [INFO] Mencoba query #4: "triplek" di wilayah Probolinggo
[2026-05-22 20:24:20 WIB] [ERROR] Query "triplek" nihil hasil (TIDAK DITEMUKAN).
[2026-05-22 20:24:22 WIB] [INFO] Memulai survei item [2/?]: "Ballpoint / Ballpen / Pena (Spesifikasi: Ballpoint Baliner)"
[2026-05-22 20:24:22 WIB] [QUERY] Daftar kata kunci yang dicoba: ["Ballpoint / Ballpen / Pena (Spesifikasi: Ballpoint Baliner)","ballpoint baliner","pulpen baliner","pen baliner","ballpen ballpoint baliner","ballpen pulpen baliner"]
[2026-05-22 20:24:22 WIB] [INFO] Mencoba query #1: "Ballpoint / Ballpen / Pena (Spesifikasi: Ballpoint Baliner)" di wilayah Probolinggo
[2026-05-22 20:24:36 WIB] [ERROR] Query "Ballpoint / Ballpen / Pena (Spesifikasi: Ballpoint Baliner)" nihil hasil (TIDAK DITEMUKAN).
[2026-05-22 20:24:36 WIB] [INFO] Mencoba query #2: "ballpoint baliner" di wilayah Probolinggo
[2026-05-22 20:24:55 WIB] [ERROR] Query "ballpoint baliner" nihil hasil (TIDAK DITEMUKAN).
[2026-05-22 20:24:55 WIB] [INFO] Mencoba query #3: "pulpen baliner" di wilayah Probolinggo
[2026-05-22 20:25:06 WIB] [ERROR] Query "pulpen baliner" nihil hasil (TIDAK DITEMUKAN).
[2026-05-22 20:25:06 WIB] [INFO] Mencoba query #4: "pen baliner" di wilayah Probolinggo
[2026-05-22 20:25:17 WIB] [ERROR] Query "pen baliner" nihil hasil (TIDAK DITEMUKAN).
[2026-05-22 20:25:17 WIB] [INFO] Mencoba query #5: "ballpen ballpoint baliner" di wilayah Probolinggo
[2026-05-22 20:25:32 WIB] [ERROR] Query "ballpen ballpoint baliner" nihil hasil (TIDAK DITEMUKAN).
[2026-05-22 20:25:32 WIB] [INFO] Mencoba query #6: "ballpen pulpen baliner" di wilayah Probolinggo
[2026-05-22 20:25:43 WIB] [ERROR] Query "ballpen pulpen baliner" nihil hasil (TIDAK DITEMUKAN).
[2026-05-22 20:25:45 WIB] [INFO] Memulai survei item [3/?]: "Ballpoint / Ballpen / Pena (Spesifikasi: Biasa, R6 Isi 12 Buah)"
[2026-05-22 20:25:45 WIB] [QUERY] Daftar kata kunci yang dicoba: ["Ballpoint / Ballpen / Pena (Spesifikasi: Biasa, R6 Isi 12 Buah)","biasa r6 isi 12","ballpoint biasa r6 isi 12","pulpen biasa r6 isi 12","pen biasa r6 isi 12","ballpen biasa r6 isi 12"]
[2026-05-22 20:25:45 WIB] [INFO] Mencoba query #1: "Ballpoint / Ballpen / Pena (Spesifikasi: Biasa, R6 Isi 12 Buah)" di wilayah Probolinggo
[2026-05-22 20:25:49 WIB] [ERROR] Query "Ballpoint / Ballpen / Pena (Spesifikasi: Biasa, R6 Isi 12 Buah)" nihil hasil (TIDAK DITEMUKAN).
[2026-05-22 20:25:49 WIB] [INFO] Mencoba query #2: "biasa r6 isi 12" di wilayah Probolinggo
[2026-05-22 20:26:00 WIB] [ERROR] Query "biasa r6 isi 12" nihil hasil (TIDAK DITEMUKAN).
[2026-05-22 20:26:00 WIB] [INFO] Mencoba query #3: "ballpoint biasa r6 isi 12" di wilayah Probolinggo
[2026-05-22 20:26:04 WIB] [ERROR] Query "ballpoint biasa r6 isi 12" nihil hasil (TIDAK DITEMUKAN).
[2026-05-22 20:26:04 WIB] [INFO] Mencoba query #4: "pulpen biasa r6 isi 12" di wilayah Probolinggo
[2026-05-22 20:26:09 WIB] [ERROR] Query "pulpen biasa r6 isi 12" nihil hasil (TIDAK DITEMUKAN).
[2026-05-22 20:26:09 WIB] [INFO] Mencoba query #5: "pen biasa r6 isi 12" di wilayah Probolinggo
[2026-05-22 20:26:14 WIB] [ERROR] Query "pen biasa r6 isi 12" nihil hasil (TIDAK DITEMUKAN).
[2026-05-22 20:26:14 WIB] [INFO] Mencoba query #6: "ballpen biasa r6 isi 12" di wilayah Probolinggo
[2026-05-22 20:26:19 WIB] [ERROR] Query "ballpen biasa r6 isi 12" nihil hasil (TIDAK DITEMUKAN).
[2026-05-22 20:26:21 WIB] [INFO] Memulai survei item [4/?]: "Bantalan Stempel (Spesifikasi: Biasa)"
[2026-05-22 20:26:21 WIB] [QUERY] Daftar kata kunci yang dicoba: ["Bantalan Stempel (Spesifikasi: Biasa)","bantalan stempel biasa","bantalan stempel","bantalan","stempel"]
[2026-05-22 20:26:21 WIB] [INFO] Mencoba query #1: "Bantalan Stempel (Spesifikasi: Biasa)" di wilayah Probolinggo
[2026-05-22 20:26:31 WIB] [ERROR] Query "Bantalan Stempel (Spesifikasi: Biasa)" nihil hasil (TIDAK DITEMUKAN).
[2026-05-22 20:26:31 WIB] [INFO] Mencoba query #2: "bantalan stempel biasa" di wilayah Probolinggo
[2026-05-22 20:26:36 WIB] [ERROR] Query "bantalan stempel biasa" nihil hasil (TIDAK DITEMUKAN).
[2026-05-22 20:26:36 WIB] [INFO] Mencoba query #3: "bantalan stempel" di wilayah Probolinggo
[2026-05-22 20:26:40 WIB] [ERROR] Query "bantalan stempel" nihil hasil (TIDAK DITEMUKAN).
[2026-05-22 20:26:40 WIB] [INFO] Mencoba query #4: "bantalan" di wilayah Probolinggo
[2026-05-22 20:26:45 WIB] [ERROR] Query "bantalan" nihil hasil (TIDAK DITEMUKAN).
[2026-05-22 20:26:45 WIB] [INFO] Mencoba query #5: "stempel" di wilayah Probolinggo
[2026-05-22 20:26:51 WIB] [ERROR] Query "stempel" nihil hasil (TIDAK DITEMUKAN).
[2026-05-22 20:26:53 WIB] [INFO] Memulai survei item [5/?]: "Gunting (Spesifikasi: Besar)"
[2026-05-22 20:26:53 WIB] [QUERY] Daftar kata kunci yang dicoba: ["Gunting (Spesifikasi: Besar)","gunting besar","gunting","gunting gunting"]
[2026-05-22 20:26:53 WIB] [INFO] Mencoba query #1: "Gunting (Spesifikasi: Besar)" di wilayah Probolinggo
[2026-05-22 20:27:05 WIB] [ERROR] Query "Gunting (Spesifikasi: Besar)" nihil hasil (TIDAK DITEMUKAN).
[2026-05-22 20:27:05 WIB] [INFO] Mencoba query #2: "gunting besar" di wilayah Probolinggo
[2026-05-22 20:27:10 WIB] [ERROR] Query "gunting besar" nihil hasil (TIDAK DITEMUKAN).
[2026-05-22 20:27:10 WIB] [INFO] Mencoba query #3: "gunting" di wilayah Probolinggo
[2026-05-22 20:27:15 WIB] [ERROR] Query "gunting" nihil hasil (TIDAK DITEMUKAN).
[2026-05-22 20:27:15 WIB] [INFO] Mencoba query #4: "gunting gunting" di wilayah Probolinggo
[2026-05-22 20:27:19 WIB] [ERROR] Query "gunting gunting" nihil hasil (TIDAK DITEMUKAN).
[2026-05-22 20:27:21 WIB] [INFO] Memulai survei item [6/?]: "Isi Staples (Spesifikasi: No. 10-1M)"
[2026-05-22 20:27:21 WIB] [QUERY] Daftar kata kunci yang dicoba: ["Isi Staples (Spesifikasi: No. 10-1M)","no 10 1m","isi staples no 10 1m","isi steples no 10 1m","isi penjepit kertas no 10 1m","isi stapler no 10 1m"]
[2026-05-22 20:27:21 WIB] [INFO] Mencoba query #1: "Isi Staples (Spesifikasi: No. 10-1M)" di wilayah Probolinggo
[2026-05-22 20:27:26 WIB] [ERROR] Query "Isi Staples (Spesifikasi: No. 10-1M)" nihil hasil (TIDAK DITEMUKAN).
[2026-05-22 20:27:26 WIB] [INFO] Mencoba query #2: "no 10 1m" di wilayah Probolinggo
[2026-05-22 20:27:32 WIB] [ERROR] Query "no 10 1m" nihil hasil (TIDAK DITEMUKAN).
[2026-05-22 20:27:32 WIB] [INFO] Mencoba query #3: "isi staples no 10 1m" di wilayah Probolinggo
[2026-05-22 20:27:40 WIB] [ERROR] Query "isi staples no 10 1m" nihil hasil (TIDAK DITEMUKAN).
[2026-05-22 20:27:40 WIB] [INFO] Mencoba query #4: "isi steples no 10 1m" di wilayah Probolinggo
[2026-05-22 20:27:45 WIB] [ERROR] Query "isi steples no 10 1m" nihil hasil (TIDAK DITEMUKAN).
[2026-05-22 20:27:45 WIB] [INFO] Mencoba query #5: "isi penjepit kertas no 10 1m" di wilayah Probolinggo
[2026-05-22 20:27:50 WIB] [ERROR] Query "isi penjepit kertas no 10 1m" nihil hasil (TIDAK DITEMUKAN).
[2026-05-22 20:27:50 WIB] [INFO] Mencoba query #6: "isi stapler no 10 1m" di wilayah Probolinggo
[2026-05-22 20:27:55 WIB] [ERROR] Query "isi stapler no 10 1m" nihil hasil (TIDAK DITEMUKAN).
[2026-05-22 20:27:57 WIB] [INFO] Memulai survei item [7/?]: "Isolasi Lakban (Spesifikasi: Hitam, Uk 46 mm x 12 m)"
[2026-05-22 20:27:57 WIB] [QUERY] Daftar kata kunci yang dicoba: ["Isolasi Lakban (Spesifikasi: Hitam, Uk 46 mm x 12 m)","hitam uk 46 mm x 12 m","isolasi lakban hitam uk 46 mm x 12 m","isolasi lakban","isolasi","lakban"]
[2026-05-22 20:27:57 WIB] [INFO] Mencoba query #1: "Isolasi Lakban (Spesifikasi: Hitam, Uk 46 mm x 12 m)" di wilayah Probolinggo
[2026-05-22 20:28:02 WIB] [ERROR] Query "Isolasi Lakban (Spesifikasi: Hitam, Uk 46 mm x 12 m)" nihil hasil (TIDAK DITEMUKAN).
[2026-05-22 20:28:02 WIB] [INFO] Mencoba query #2: "hitam uk 46 mm x 12 m" di wilayah Probolinggo
[2026-05-22 20:28:10 WIB] [ERROR] Query "hitam uk 46 mm x 12 m" nihil hasil (TIDAK DITEMUKAN).
[2026-05-22 20:28:10 WIB] [INFO] Mencoba query #3: "isolasi lakban hitam uk 46 mm x 12 m" di wilayah Probolinggo
[2026-05-22 20:28:15 WIB] [ERROR] Query "isolasi lakban hitam uk 46 mm x 12 m" nihil hasil (TIDAK DITEMUKAN).
[2026-05-22 20:28:15 WIB] [INFO] Mencoba query #4: "isolasi lakban" di wilayah Probolinggo
[2026-05-22 20:28:19 WIB] [ERROR] Query "isolasi lakban" nihil hasil (TIDAK DITEMUKAN).
[2026-05-22 20:28:19 WIB] [INFO] Mencoba query #5: "isolasi" di wilayah Probolinggo
[2026-05-22 20:28:24 WIB] [ERROR] Query "isolasi" nihil hasil (TIDAK DITEMUKAN).
[2026-05-22 20:28:24 WIB] [INFO] Mencoba query #6: "lakban" di wilayah Probolinggo
[2026-05-22 20:28:30 WIB] [ERROR] Query "lakban" nihil hasil (TIDAK DITEMUKAN).
[2026-05-22 20:28:32 WIB] [INFO] Memulai survei item [8/?]: "Lem (Spesifikasi: 20 Ml)"
[2026-05-22 20:28:32 WIB] [QUERY] Daftar kata kunci yang dicoba: ["Lem (Spesifikasi: 20 Ml)","lem 20 ml","lem","lem lem"]
[2026-05-22 20:28:32 WIB] [INFO] Mencoba query #1: "Lem (Spesifikasi: 20 Ml)" di wilayah Probolinggo
[2026-05-22 20:28:37 WIB] [ERROR] Query "Lem (Spesifikasi: 20 Ml)" nihil hasil (TIDAK DITEMUKAN).
[2026-05-22 20:28:37 WIB] [INFO] Mencoba query #2: "lem 20 ml" di wilayah Probolinggo
[2026-05-22 20:28:49 WIB] [ERROR] Query "lem 20 ml" nihil hasil (TIDAK DITEMUKAN).
[2026-05-22 20:28:49 WIB] [INFO] Mencoba query #3: "lem" di wilayah Probolinggo
[2026-05-22 20:28:54 WIB] [ERROR] Query "lem" nihil hasil (TIDAK DITEMUKAN).
[2026-05-22 20:28:54 WIB] [INFO] Mencoba query #4: "lem lem" di wilayah Probolinggo
[2026-05-22 20:29:02 WIB] [ERROR] Query "lem lem" nihil hasil (TIDAK DITEMUKAN).
[2026-05-22 20:29:04 WIB] [INFO] Memulai survei item [9/?]: "Map Dinas (Spesifikasi: Ukuran F4)"
[2026-05-22 20:29:04 WIB] [QUERY] Daftar kata kunci yang dicoba: ["Map Dinas (Spesifikasi: Ukuran F4)","map dinas f4","map dinas","map","dinas"]
[2026-05-22 20:29:04 WIB] [INFO] Mencoba query #1: "Map Dinas (Spesifikasi: Ukuran F4)" di wilayah Probolinggo
[2026-05-22 20:29:09 WIB] [ERROR] Query "Map Dinas (Spesifikasi: Ukuran F4)" nihil hasil (TIDAK DITEMUKAN).
[2026-05-22 20:29:09 WIB] [INFO] Mencoba query #2: "map dinas f4" di wilayah Probolinggo
[2026-05-22 20:29:17 WIB] [ERROR] Query "map dinas f4" nihil hasil (TIDAK DITEMUKAN).
[2026-05-22 20:29:17 WIB] [INFO] Mencoba query #3: "map dinas" di wilayah Probolinggo
[2026-05-22 20:29:22 WIB] [ERROR] Query "map dinas" nihil hasil (TIDAK DITEMUKAN).
[2026-05-22 20:29:22 WIB] [INFO] Mencoba query #4: "map" di wilayah Probolinggo
[2026-05-22 20:29:27 WIB] [ERROR] Query "map" nihil hasil (TIDAK DITEMUKAN).
[2026-05-22 20:29:27 WIB] [INFO] Mencoba query #5: "dinas" di wilayah Probolinggo
[2026-05-22 20:29:33 WIB] [ERROR] Query "dinas" nihil hasil (TIDAK DITEMUKAN).
[2026-05-22 20:29:36 WIB] [INFO] Memulai survei item [10/?]: "Snelhecter Map (Spesifikasi: 5001, Isi 50 Buah)"
[2026-05-22 20:29:36 WIB] [QUERY] Daftar kata kunci yang dicoba: ["Snelhecter Map (Spesifikasi: 5001, Isi 50 Buah)","5001 isi 50","snelhecter map 5001 isi 50","snelhecter map","snelhecter","map"]
[2026-05-22 20:29:36 WIB] [INFO] Mencoba query #1: "Snelhecter Map (Spesifikasi: 5001, Isi 50 Buah)" di wilayah Probolinggo
[2026-05-22 20:29:44 WIB] [ERROR] Query "Snelhecter Map (Spesifikasi: 5001, Isi 50 Buah)" nihil hasil (TIDAK DITEMUKAN).
[2026-05-22 20:29:44 WIB] [INFO] Mencoba query #2: "5001 isi 50" di wilayah Probolinggo
[2026-05-22 20:29:57 WIB] [ERROR] Query "5001 isi 50" nihil hasil (TIDAK DITEMUKAN).
[2026-05-22 20:29:57 WIB] [INFO] Mencoba query #3: "snelhecter map 5001 isi 50" di wilayah Probolinggo
[2026-05-22 20:30:10 WIB] [ERROR] Query "snelhecter map 5001 isi 50" nihil hasil (TIDAK DITEMUKAN).
[2026-05-22 20:30:10 WIB] [INFO] Mencoba query #4: "snelhecter map" di wilayah Probolinggo
[2026-05-22 20:30:23 WIB] [ERROR] Query "snelhecter map" nihil hasil (TIDAK DITEMUKAN).
[2026-05-22 20:30:23 WIB] [INFO] Mencoba query #5: "snelhecter" di wilayah Probolinggo
[2026-05-22 20:30:33 WIB] [ERROR] Query "snelhecter" nihil hasil (TIDAK DITEMUKAN).
[2026-05-22 20:30:33 WIB] [INFO] Mencoba query #6: "map" di wilayah Probolinggo
[2026-05-22 20:30:44 WIB] [ERROR] Query "map" nihil hasil (TIDAK DITEMUKAN).
[2026-05-22 20:30:46 WIB] [INFO] Memulai survei item [11/?]: "Spidol (Spesifikasi: Besar)"
[2026-05-22 20:30:46 WIB] [QUERY] Daftar kata kunci yang dicoba: ["Spidol (Spesifikasi: Besar)","spidol besar","marker besar","pena besar","highlighter besar","spidol permanen besar"]
[2026-05-22 20:30:46 WIB] [INFO] Mencoba query #1: "Spidol (Spesifikasi: Besar)" di wilayah Probolinggo
[2026-05-22 20:30:51 WIB] [ERROR] Query "Spidol (Spesifikasi: Besar)" nihil hasil (TIDAK DITEMUKAN).
[2026-05-22 20:30:51 WIB] [INFO] Mencoba query #2: "spidol besar" di wilayah Probolinggo
[2026-05-22 20:30:59 WIB] [ERROR] Query "spidol besar" nihil hasil (TIDAK DITEMUKAN).
[2026-05-22 20:30:59 WIB] [INFO] Mencoba query #3: "marker besar" di wilayah Probolinggo
[2026-05-22 20:31:04 WIB] [ERROR] Query "marker besar" nihil hasil (TIDAK DITEMUKAN).
[2026-05-22 20:31:04 WIB] [INFO] Mencoba query #4: "pena besar" di wilayah Probolinggo
[2026-05-22 20:31:09 WIB] [ERROR] Query "pena besar" nihil hasil (TIDAK DITEMUKAN).
[2026-05-22 20:31:09 WIB] [INFO] Mencoba query #5: "highlighter besar" di wilayah Probolinggo
[2026-05-22 20:31:14 WIB] [ERROR] Query "highlighter besar" nihil hasil (TIDAK DITEMUKAN).
[2026-05-22 20:31:14 WIB] [INFO] Mencoba query #6: "spidol permanen besar" di wilayah Probolinggo
[2026-05-22 20:31:18 WIB] [ERROR] Query "spidol permanen besar" nihil hasil (TIDAK DITEMUKAN).
[2026-05-22 20:31:20 WIB] [INFO] Memulai survei item [12/?]: "Stapler/Hechmachine (Spesifikasi: Kecil)"
[2026-05-22 20:31:20 WIB] [QUERY] Daftar kata kunci yang dicoba: ["Stapler/Hechmachine (Spesifikasi: Kecil)","stapler kecil","hechmachine kecil","stapler","hechmachine","stapler stapler"]
[2026-05-22 20:31:20 WIB] [INFO] Mencoba query #1: "Stapler/Hechmachine (Spesifikasi: Kecil)" di wilayah Probolinggo
[2026-05-22 20:31:26 WIB] [ERROR] Query "Stapler/Hechmachine (Spesifikasi: Kecil)" nihil hasil (TIDAK DITEMUKAN).
[2026-05-22 20:31:26 WIB] [INFO] Mencoba query #2: "stapler kecil" di wilayah Probolinggo
[2026-05-22 20:31:35 WIB] [ERROR] Query "stapler kecil" nihil hasil (TIDAK DITEMUKAN).
[2026-05-22 20:31:35 WIB] [INFO] Mencoba query #3: "hechmachine kecil" di wilayah Probolinggo
[2026-05-22 20:31:40 WIB] [ERROR] Query "hechmachine kecil" nihil hasil (TIDAK DITEMUKAN).
[2026-05-22 20:31:40 WIB] [INFO] Mencoba query #4: "stapler" di wilayah Probolinggo
[2026-05-22 20:31:44 WIB] [ERROR] Query "stapler" nihil hasil (TIDAK DITEMUKAN).
[2026-05-22 20:31:44 WIB] [INFO] Mencoba query #5: "hechmachine" di wilayah Probolinggo
[2026-05-22 20:31:49 WIB] [ERROR] Query "hechmachine" nihil hasil (TIDAK DITEMUKAN).
[2026-05-22 20:31:49 WIB] [INFO] Mencoba query #6: "stapler stapler" di wilayah Probolinggo
[2026-05-22 20:31:54 WIB] [ERROR] Query "stapler stapler" nihil hasil (TIDAK DITEMUKAN).
[2026-05-22 20:31:56 WIB] [INFO] Memulai survei item [13/?]: "Tinta Stempel (Spesifikasi: 50 Ml)"
[2026-05-22 20:31:56 WIB] [QUERY] Daftar kata kunci yang dicoba: ["Tinta Stempel (Spesifikasi: 50 Ml)","tinta stempel 50 ml","tinta stempel","tinta","stempel"]
[2026-05-22 20:31:56 WIB] [INFO] Mencoba query #1: "Tinta Stempel (Spesifikasi: 50 Ml)" di wilayah Probolinggo
[2026-05-22 20:32:05 WIB] [ERROR] Query "Tinta Stempel (Spesifikasi: 50 Ml)" nihil hasil (TIDAK DITEMUKAN).
[2026-05-22 20:32:05 WIB] [INFO] Mencoba query #2: "tinta stempel 50 ml" di wilayah Probolinggo
[2026-05-22 20:32:12 WIB] [ERROR] Query "tinta stempel 50 ml" nihil hasil (TIDAK DITEMUKAN).
[2026-05-22 20:32:12 WIB] [INFO] Mencoba query #3: "tinta stempel" di wilayah Probolinggo
[2026-05-22 20:32:17 WIB] [ERROR] Query "tinta stempel" nihil hasil (TIDAK DITEMUKAN).
[2026-05-22 20:32:17 WIB] [INFO] Mencoba query #4: "tinta" di wilayah Probolinggo
[2026-05-22 20:32:22 WIB] [ERROR] Query "tinta" nihil hasil (TIDAK DITEMUKAN).
[2026-05-22 20:32:22 WIB] [INFO] Mencoba query #5: "stempel" di wilayah Probolinggo
[2026-05-22 20:32:28 WIB] [ERROR] Query "stempel" nihil hasil (TIDAK DITEMUKAN).
[2026-05-22 20:34:29 WIB] [INFO] Memulai survei item [1/?]: "Ballpoint / Ballpen / Pena (Spesifikasi: Ballpoint Baliner)"
[2026-05-22 20:34:29 WIB] [QUERY] Daftar kata kunci yang dicoba: ["Ballpoint Baliner","ballpoint baliner","pulpen baliner","pen baliner","ballpen ballpoint baliner","ballpen pulpen baliner"]
[2026-05-22 20:34:29 WIB] [INFO] Mencoba query #1: "Ballpoint Baliner" di wilayah Nasional
[2026-05-22 20:34:44 WIB] [ERROR] Query "Ballpoint Baliner" nihil hasil (TIDAK DITEMUKAN).
[2026-05-22 20:34:44 WIB] [INFO] Mencoba query #2: "ballpoint baliner" di wilayah Nasional
[2026-05-22 20:34:57 WIB] [ERROR] Query "ballpoint baliner" nihil hasil (TIDAK DITEMUKAN).
[2026-05-22 20:34:57 WIB] [INFO] Mencoba query #3: "pulpen baliner" di wilayah Nasional
[2026-05-22 20:35:07 WIB] [ERROR] Query "pulpen baliner" nihil hasil (TIDAK DITEMUKAN).
[2026-05-22 20:35:07 WIB] [INFO] Mencoba query #4: "pen baliner" di wilayah Nasional
[2026-05-22 20:35:17 WIB] [ERROR] Query "pen baliner" nihil hasil (TIDAK DITEMUKAN).
[2026-05-22 20:35:17 WIB] [INFO] Mencoba query #5: "ballpen ballpoint baliner" di wilayah Nasional
[2026-05-22 20:35:31 WIB] [ERROR] Query "ballpen ballpoint baliner" nihil hasil (TIDAK DITEMUKAN).
[2026-05-22 20:35:31 WIB] [INFO] Mencoba query #6: "ballpen pulpen baliner" di wilayah Nasional
[2026-05-22 20:35:42 WIB] [ERROR] Query "ballpen pulpen baliner" nihil hasil (TIDAK DITEMUKAN).
[2026-05-22 20:36:07 WIB] [INFO] Memulai survei item [1/?]: "Ballpoint / Ballpen / Pena (Spesifikasi: Ballpoint Baliner)"
[2026-05-22 20:36:07 WIB] [QUERY] Daftar kata kunci yang dicoba: ["Ballpoint Baliner","ballpoint baliner","pulpen baliner","pen baliner","ballpen ballpoint baliner","ballpen pulpen baliner"]
[2026-05-22 20:36:07 WIB] [INFO] Mencoba query #1: "Ballpoint Baliner" di wilayah Nasional
[2026-05-22 20:36:24 WIB] [ERROR] Query "Ballpoint Baliner" nihil hasil (TIDAK DITEMUKAN).
[2026-05-22 20:36:24 WIB] [INFO] Mencoba query #2: "ballpoint baliner" di wilayah Nasional
[2026-05-22 20:36:36 WIB] [ERROR] Query "ballpoint baliner" nihil hasil (TIDAK DITEMUKAN).
[2026-05-22 20:36:36 WIB] [INFO] Mencoba query #3: "pulpen baliner" di wilayah Nasional
[2026-05-22 20:36:47 WIB] [ERROR] Query "pulpen baliner" nihil hasil (TIDAK DITEMUKAN).
[2026-05-22 20:36:47 WIB] [INFO] Mencoba query #4: "pen baliner" di wilayah Nasional
[2026-05-22 20:36:56 WIB] [ERROR] Query "pen baliner" nihil hasil (TIDAK DITEMUKAN).
[2026-05-22 20:36:56 WIB] [INFO] Mencoba query #5: "ballpen ballpoint baliner" di wilayah Nasional
[2026-05-22 20:37:10 WIB] [ERROR] Query "ballpen ballpoint baliner" nihil hasil (TIDAK DITEMUKAN).
[2026-05-22 20:37:10 WIB] [INFO] Mencoba query #6: "ballpen pulpen baliner" di wilayah Nasional
[2026-05-22 20:37:20 WIB] [ERROR] Query "ballpen pulpen baliner" nihil hasil (TIDAK DITEMUKAN).
[2026-05-22 20:39:29 WIB] [INFO] Memulai survei item [1/?]: "Alas Triplek"
[2026-05-22 20:39:29 WIB] [QUERY] Daftar kata kunci yang dicoba: ["Alas Triplek","alas triplek","alas","triplek"]
[2026-05-22 20:39:29 WIB] [INFO] Mencoba query #1: "Alas Triplek" di wilayah Kab.Probolinggo
[2026-05-22 20:39:42 WIB] [ERROR] Query "Alas Triplek" nihil hasil (TIDAK DITEMUKAN).
[2026-05-22 20:39:42 WIB] [INFO] Mencoba query #2: "alas triplek" di wilayah Kab.Probolinggo
[2026-05-22 20:39:55 WIB] [ERROR] Query "alas triplek" nihil hasil (TIDAK DITEMUKAN).
[2026-05-22 20:39:55 WIB] [INFO] Mencoba query #3: "alas" di wilayah Kab.Probolinggo
[2026-05-22 20:40:00 WIB] [ERROR] Query "alas" nihil hasil (TIDAK DITEMUKAN).
[2026-05-22 20:40:00 WIB] [INFO] Mencoba query #4: "triplek" di wilayah Kab.Probolinggo
[2026-05-22 20:40:05 WIB] [ERROR] Query "triplek" nihil hasil (TIDAK DITEMUKAN).
[2026-05-22 20:40:07 WIB] [INFO] Memulai survei item [2/?]: "Ballpoint / Ballpen / Pena (Spesifikasi: Ballpoint Baliner)"
[2026-05-22 20:40:07 WIB] [QUERY] Daftar kata kunci yang dicoba: ["Ballpoint / Ballpen / Pena (Spesifikasi: Ballpoint Baliner)","ballpoint baliner","pulpen baliner","pen baliner","ballpen ballpoint baliner","ballpen pulpen baliner"]
[2026-05-22 20:40:07 WIB] [INFO] Mencoba query #1: "Ballpoint / Ballpen / Pena (Spesifikasi: Ballpoint Baliner)" di wilayah Kab.Probolinggo
[2026-05-22 20:40:18 WIB] [ERROR] Query "Ballpoint / Ballpen / Pena (Spesifikasi: Ballpoint Baliner)" nihil hasil (TIDAK DITEMUKAN).
[2026-05-22 20:40:18 WIB] [INFO] Mencoba query #2: "ballpoint baliner" di wilayah Kab.Probolinggo
[2026-05-22 20:40:33 WIB] [ERROR] Query "ballpoint baliner" nihil hasil (TIDAK DITEMUKAN).
[2026-05-22 20:40:33 WIB] [INFO] Mencoba query #3: "pulpen baliner" di wilayah Kab.Probolinggo
[2026-05-22 20:40:45 WIB] [ERROR] Query "pulpen baliner" nihil hasil (TIDAK DITEMUKAN).
[2026-05-22 20:40:45 WIB] [INFO] Mencoba query #4: "pen baliner" di wilayah Kab.Probolinggo
[2026-05-22 20:40:58 WIB] [ERROR] Query "pen baliner" nihil hasil (TIDAK DITEMUKAN).
[2026-05-22 20:40:58 WIB] [INFO] Mencoba query #5: "ballpen ballpoint baliner" di wilayah Kab.Probolinggo
[2026-05-22 20:41:10 WIB] [ERROR] Query "ballpen ballpoint baliner" nihil hasil (TIDAK DITEMUKAN).
[2026-05-22 20:41:10 WIB] [INFO] Mencoba query #6: "ballpen pulpen baliner" di wilayah Kab.Probolinggo
[2026-05-22 20:41:20 WIB] [ERROR] Query "ballpen pulpen baliner" nihil hasil (TIDAK DITEMUKAN).
[2026-05-22 20:41:22 WIB] [INFO] Memulai survei item [3/?]: "Ballpoint / Ballpen / Pena (Spesifikasi: Biasa, R6 Isi 12 Buah)"
[2026-05-22 20:41:22 WIB] [QUERY] Daftar kata kunci yang dicoba: ["Ballpoint / Ballpen / Pena (Spesifikasi: Biasa, R6 Isi 12 Buah)","biasa r6 isi 12","ballpoint biasa r6 isi 12","pulpen biasa r6 isi 12","pen biasa r6 isi 12","ballpen biasa r6 isi 12"]
[2026-05-22 20:41:22 WIB] [INFO] Mencoba query #1: "Ballpoint / Ballpen / Pena (Spesifikasi: Biasa, R6 Isi 12 Buah)" di wilayah Kab.Probolinggo
[2026-05-22 20:41:30 WIB] [ERROR] Query "Ballpoint / Ballpen / Pena (Spesifikasi: Biasa, R6 Isi 12 Buah)" nihil hasil (TIDAK DITEMUKAN).
[2026-05-22 20:41:30 WIB] [INFO] Mencoba query #2: "biasa r6 isi 12" di wilayah Kab.Probolinggo
[2026-05-22 20:41:35 WIB] [ERROR] Query "biasa r6 isi 12" nihil hasil (TIDAK DITEMUKAN).
[2026-05-22 20:41:35 WIB] [INFO] Mencoba query #3: "ballpoint biasa r6 isi 12" di wilayah Kab.Probolinggo
[2026-05-22 20:41:40 WIB] [ERROR] Query "ballpoint biasa r6 isi 12" nihil hasil (TIDAK DITEMUKAN).
[2026-05-22 20:41:40 WIB] [INFO] Mencoba query #4: "pulpen biasa r6 isi 12" di wilayah Kab.Probolinggo
[2026-05-22 20:41:44 WIB] [ERROR] Query "pulpen biasa r6 isi 12" nihil hasil (TIDAK DITEMUKAN).
[2026-05-22 20:41:44 WIB] [INFO] Mencoba query #5: "pen biasa r6 isi 12" di wilayah Kab.Probolinggo
[2026-05-22 20:41:50 WIB] [ERROR] Query "pen biasa r6 isi 12" nihil hasil (TIDAK DITEMUKAN).
[2026-05-22 20:41:50 WIB] [INFO] Mencoba query #6: "ballpen biasa r6 isi 12" di wilayah Kab.Probolinggo
[2026-05-22 20:41:55 WIB] [ERROR] Query "ballpen biasa r6 isi 12" nihil hasil (TIDAK DITEMUKAN).
[2026-05-22 20:41:57 WIB] [INFO] Memulai survei item [4/?]: "Bantalan Stempel (Spesifikasi: Biasa)"
[2026-05-22 20:41:57 WIB] [QUERY] Daftar kata kunci yang dicoba: ["Bantalan Stempel (Spesifikasi: Biasa)","bantalan stempel biasa","bantalan stempel","bantalan","stempel"]
[2026-05-22 20:41:57 WIB] [INFO] Mencoba query #1: "Bantalan Stempel (Spesifikasi: Biasa)" di wilayah Kab.Probolinggo
[2026-05-22 20:42:05 WIB] [ERROR] Query "Bantalan Stempel (Spesifikasi: Biasa)" nihil hasil (TIDAK DITEMUKAN).
[2026-05-22 20:42:05 WIB] [INFO] Mencoba query #2: "bantalan stempel biasa" di wilayah Kab.Probolinggo
[2026-05-22 20:42:10 WIB] [ERROR] Query "bantalan stempel biasa" nihil hasil (TIDAK DITEMUKAN).
[2026-05-22 20:42:10 WIB] [INFO] Mencoba query #3: "bantalan stempel" di wilayah Kab.Probolinggo
[2026-05-22 20:42:15 WIB] [ERROR] Query "bantalan stempel" nihil hasil (TIDAK DITEMUKAN).
[2026-05-22 20:42:15 WIB] [INFO] Mencoba query #4: "bantalan" di wilayah Kab.Probolinggo
[2026-05-22 20:42:20 WIB] [ERROR] Query "bantalan" nihil hasil (TIDAK DITEMUKAN).
[2026-05-22 20:42:20 WIB] [INFO] Mencoba query #5: "stempel" di wilayah Kab.Probolinggo
[2026-05-22 20:42:25 WIB] [ERROR] Query "stempel" nihil hasil (TIDAK DITEMUKAN).
[2026-05-22 20:42:27 WIB] [INFO] Memulai survei item [5/?]: "Gunting (Spesifikasi: Besar)"
[2026-05-22 20:42:27 WIB] [QUERY] Daftar kata kunci yang dicoba: ["Gunting (Spesifikasi: Besar)","gunting besar","gunting","gunting gunting"]
[2026-05-22 20:42:27 WIB] [INFO] Mencoba query #1: "Gunting (Spesifikasi: Besar)" di wilayah Kab.Probolinggo
[2026-05-22 20:42:31 WIB] [ERROR] Query "Gunting (Spesifikasi: Besar)" nihil hasil (TIDAK DITEMUKAN).
[2026-05-22 20:42:31 WIB] [INFO] Mencoba query #2: "gunting besar" di wilayah Kab.Probolinggo
[2026-05-22 20:42:39 WIB] [ERROR] Query "gunting besar" nihil hasil (TIDAK DITEMUKAN).
[2026-05-22 20:42:39 WIB] [INFO] Mencoba query #3: "gunting" di wilayah Kab.Probolinggo
[2026-05-22 20:42:43 WIB] [ERROR] Query "gunting" nihil hasil (TIDAK DITEMUKAN).
[2026-05-22 20:42:43 WIB] [INFO] Mencoba query #4: "gunting gunting" di wilayah Kab.Probolinggo
[2026-05-22 20:42:48 WIB] [ERROR] Query "gunting gunting" nihil hasil (TIDAK DITEMUKAN).
[2026-05-22 20:42:50 WIB] [INFO] Memulai survei item [6/?]: "Isi Staples (Spesifikasi: No. 10-1M)"
[2026-05-22 20:42:50 WIB] [QUERY] Daftar kata kunci yang dicoba: ["Isi Staples (Spesifikasi: No. 10-1M)","no 10 1m","isi staples no 10 1m","isi steples no 10 1m","isi penjepit kertas no 10 1m","isi stapler no 10 1m"]
[2026-05-22 20:42:50 WIB] [INFO] Mencoba query #1: "Isi Staples (Spesifikasi: No. 10-1M)" di wilayah Kab.Probolinggo
[2026-05-22 20:42:54 WIB] [ERROR] Query "Isi Staples (Spesifikasi: No. 10-1M)" nihil hasil (TIDAK DITEMUKAN).
[2026-05-22 20:42:54 WIB] [INFO] Mencoba query #2: "no 10 1m" di wilayah Kab.Probolinggo
[2026-05-22 20:43:00 WIB] [ERROR] Query "no 10 1m" nihil hasil (TIDAK DITEMUKAN).
[2026-05-22 20:43:00 WIB] [INFO] Mencoba query #3: "isi staples no 10 1m" di wilayah Kab.Probolinggo
[2026-05-22 20:43:05 WIB] [ERROR] Query "isi staples no 10 1m" nihil hasil (TIDAK DITEMUKAN).
[2026-05-22 20:43:05 WIB] [INFO] Mencoba query #4: "isi steples no 10 1m" di wilayah Kab.Probolinggo
[2026-05-22 20:43:13 WIB] [ERROR] Query "isi steples no 10 1m" nihil hasil (TIDAK DITEMUKAN).
[2026-05-22 20:43:13 WIB] [INFO] Mencoba query #5: "isi penjepit kertas no 10 1m" di wilayah Kab.Probolinggo
[2026-05-22 20:43:18 WIB] [ERROR] Query "isi penjepit kertas no 10 1m" nihil hasil (TIDAK DITEMUKAN).
[2026-05-22 20:43:18 WIB] [INFO] Mencoba query #6: "isi stapler no 10 1m" di wilayah Kab.Probolinggo
[2026-05-22 20:43:23 WIB] [ERROR] Query "isi stapler no 10 1m" nihil hasil (TIDAK DITEMUKAN).
[2026-05-22 20:43:25 WIB] [INFO] Memulai survei item [7/?]: "Isolasi Lakban (Spesifikasi: Hitam, Uk 46 mm x 12 m)"
[2026-05-22 20:43:25 WIB] [QUERY] Daftar kata kunci yang dicoba: ["Isolasi Lakban (Spesifikasi: Hitam, Uk 46 mm x 12 m)","hitam uk 46 mm x 12 m","isolasi lakban hitam uk 46 mm x 12 m","isolasi lakban","isolasi","lakban"]
[2026-05-22 20:43:25 WIB] [INFO] Mencoba query #1: "Isolasi Lakban (Spesifikasi: Hitam, Uk 46 mm x 12 m)" di wilayah Kab.Probolinggo
[2026-05-22 20:43:32 WIB] [ERROR] Query "Isolasi Lakban (Spesifikasi: Hitam, Uk 46 mm x 12 m)" nihil hasil (TIDAK DITEMUKAN).
[2026-05-22 20:43:32 WIB] [INFO] Mencoba query #2: "hitam uk 46 mm x 12 m" di wilayah Kab.Probolinggo
[2026-05-22 20:43:38 WIB] [ERROR] Query "hitam uk 46 mm x 12 m" nihil hasil (TIDAK DITEMUKAN).
[2026-05-22 20:43:38 WIB] [INFO] Mencoba query #3: "isolasi lakban hitam uk 46 mm x 12 m" di wilayah Kab.Probolinggo
[2026-05-22 20:43:46 WIB] [ERROR] Query "isolasi lakban hitam uk 46 mm x 12 m" nihil hasil (TIDAK DITEMUKAN).
[2026-05-22 20:43:46 WIB] [INFO] Mencoba query #4: "isolasi lakban" di wilayah Kab.Probolinggo
[2026-05-22 20:43:51 WIB] [ERROR] Query "isolasi lakban" nihil hasil (TIDAK DITEMUKAN).
[2026-05-22 20:43:51 WIB] [INFO] Mencoba query #5: "isolasi" di wilayah Kab.Probolinggo
[2026-05-22 20:43:56 WIB] [ERROR] Query "isolasi" nihil hasil (TIDAK DITEMUKAN).
[2026-05-22 20:43:56 WIB] [INFO] Mencoba query #6: "lakban" di wilayah Kab.Probolinggo
[2026-05-22 20:44:03 WIB] [ERROR] Query "lakban" nihil hasil (TIDAK DITEMUKAN).
[2026-05-22 20:44:05 WIB] [INFO] Memulai survei item [8/?]: "Lem (Spesifikasi: 20 Ml)"
[2026-05-22 20:44:05 WIB] [QUERY] Daftar kata kunci yang dicoba: ["Lem (Spesifikasi: 20 Ml)","lem 20 ml","lem","lem lem"]
[2026-05-22 20:44:05 WIB] [INFO] Mencoba query #1: "Lem (Spesifikasi: 20 Ml)" di wilayah Kab.Probolinggo
[2026-05-22 20:44:09 WIB] [ERROR] Query "Lem (Spesifikasi: 20 Ml)" nihil hasil (TIDAK DITEMUKAN).
[2026-05-22 20:44:09 WIB] [INFO] Mencoba query #2: "lem 20 ml" di wilayah Kab.Probolinggo
[2026-05-22 20:44:17 WIB] [ERROR] Query "lem 20 ml" nihil hasil (TIDAK DITEMUKAN).
[2026-05-22 20:44:17 WIB] [INFO] Mencoba query #3: "lem" di wilayah Kab.Probolinggo
[2026-05-22 20:44:22 WIB] [ERROR] Query "lem" nihil hasil (TIDAK DITEMUKAN).
[2026-05-22 20:44:22 WIB] [INFO] Mencoba query #4: "lem lem" di wilayah Kab.Probolinggo
[2026-05-22 20:44:27 WIB] [ERROR] Query "lem lem" nihil hasil (TIDAK DITEMUKAN).
[2026-05-22 20:44:29 WIB] [INFO] Memulai survei item [9/?]: "Map Dinas (Spesifikasi: Ukuran F4)"
[2026-05-22 20:44:29 WIB] [QUERY] Daftar kata kunci yang dicoba: ["Map Dinas (Spesifikasi: Ukuran F4)","map dinas f4","map dinas","map","dinas"]
[2026-05-22 20:44:29 WIB] [INFO] Mencoba query #1: "Map Dinas (Spesifikasi: Ukuran F4)" di wilayah Kab.Probolinggo
[2026-05-22 20:44:34 WIB] [ERROR] Query "Map Dinas (Spesifikasi: Ukuran F4)" nihil hasil (TIDAK DITEMUKAN).
[2026-05-22 20:44:34 WIB] [INFO] Mencoba query #2: "map dinas f4" di wilayah Kab.Probolinggo
[2026-05-22 20:44:39 WIB] [ERROR] Query "map dinas f4" nihil hasil (TIDAK DITEMUKAN).
[2026-05-22 20:44:39 WIB] [INFO] Mencoba query #3: "map dinas" di wilayah Kab.Probolinggo
[2026-05-22 20:44:45 WIB] [ERROR] Query "map dinas" nihil hasil (TIDAK DITEMUKAN).
[2026-05-22 20:44:45 WIB] [INFO] Mencoba query #4: "map" di wilayah Kab.Probolinggo
[2026-05-22 20:44:53 WIB] [ERROR] Query "map" nihil hasil (TIDAK DITEMUKAN).
[2026-05-22 20:44:53 WIB] [INFO] Mencoba query #5: "dinas" di wilayah Kab.Probolinggo
[2026-05-22 20:44:58 WIB] [ERROR] Query "dinas" nihil hasil (TIDAK DITEMUKAN).
[2026-05-22 20:45:00 WIB] [INFO] Memulai survei item [10/?]: "Snelhecter Map (Spesifikasi: 5001, Isi 50 Buah)"
[2026-05-22 20:45:00 WIB] [QUERY] Daftar kata kunci yang dicoba: ["Snelhecter Map (Spesifikasi: 5001, Isi 50 Buah)","5001 isi 50","snelhecter map 5001 isi 50","snelhecter map","snelhecter","map"]
[2026-05-22 20:45:00 WIB] [INFO] Mencoba query #1: "Snelhecter Map (Spesifikasi: 5001, Isi 50 Buah)" di wilayah Kab.Probolinggo
[2026-05-22 20:45:13 WIB] [ERROR] Query "Snelhecter Map (Spesifikasi: 5001, Isi 50 Buah)" nihil hasil (TIDAK DITEMUKAN).
[2026-05-22 20:45:13 WIB] [INFO] Mencoba query #2: "5001 isi 50" di wilayah Kab.Probolinggo
[2026-05-22 20:45:26 WIB] [ERROR] Query "5001 isi 50" nihil hasil (TIDAK DITEMUKAN).
[2026-05-22 20:45:26 WIB] [INFO] Mencoba query #3: "snelhecter map 5001 isi 50" di wilayah Kab.Probolinggo
[2026-05-22 20:45:41 WIB] [ERROR] Query "snelhecter map 5001 isi 50" nihil hasil (TIDAK DITEMUKAN).
[2026-05-22 20:45:41 WIB] [INFO] Mencoba query #4: "snelhecter map" di wilayah Kab.Probolinggo
[2026-05-22 20:46:14 WIB] [ERROR] Query "snelhecter map" nihil hasil (TIDAK DITEMUKAN).
[2026-05-22 20:46:14 WIB] [INFO] Mencoba query #5: "snelhecter" di wilayah Kab.Probolinggo
[2026-05-22 20:46:34 WIB] [ERROR] Query "snelhecter" nihil hasil (TIDAK DITEMUKAN).
[2026-05-22 20:46:34 WIB] [INFO] Mencoba query #6: "map" di wilayah Kab.Probolinggo
[2026-05-22 20:46:47 WIB] [ERROR] Query "map" nihil hasil (TIDAK DITEMUKAN).
[2026-05-22 20:46:49 WIB] [INFO] Memulai survei item [11/?]: "Spidol (Spesifikasi: Besar)"
[2026-05-22 20:46:49 WIB] [QUERY] Daftar kata kunci yang dicoba: ["Spidol (Spesifikasi: Besar)","spidol besar","marker besar","pena besar","highlighter besar","spidol permanen besar"]
[2026-05-22 20:46:49 WIB] [INFO] Mencoba query #1: "Spidol (Spesifikasi: Besar)" di wilayah Kab.Probolinggo
[2026-05-22 20:46:54 WIB] [ERROR] Query "Spidol (Spesifikasi: Besar)" nihil hasil (TIDAK DITEMUKAN).
[2026-05-22 20:46:54 WIB] [INFO] Mencoba query #2: "spidol besar" di wilayah Kab.Probolinggo
[2026-05-22 20:47:03 WIB] [ERROR] Query "spidol besar" nihil hasil (TIDAK DITEMUKAN).
[2026-05-22 20:47:03 WIB] [INFO] Mencoba query #3: "marker besar" di wilayah Kab.Probolinggo
[2026-05-22 20:47:09 WIB] [ERROR] Query "marker besar" nihil hasil (TIDAK DITEMUKAN).
[2026-05-22 20:47:09 WIB] [INFO] Mencoba query #4: "pena besar" di wilayah Kab.Probolinggo
[2026-05-22 20:47:15 WIB] [ERROR] Query "pena besar" nihil hasil (TIDAK DITEMUKAN).
[2026-05-22 20:47:15 WIB] [INFO] Mencoba query #5: "highlighter besar" di wilayah Kab.Probolinggo
[2026-05-22 20:47:21 WIB] [ERROR] Query "highlighter besar" nihil hasil (TIDAK DITEMUKAN).
[2026-05-22 20:47:21 WIB] [INFO] Mencoba query #6: "spidol permanen besar" di wilayah Kab.Probolinggo
[2026-05-22 20:47:28 WIB] [ERROR] Query "spidol permanen besar" nihil hasil (TIDAK DITEMUKAN).
[2026-05-22 20:47:30 WIB] [INFO] Memulai survei item [12/?]: "Stapler/Hechmachine (Spesifikasi: Kecil)"
[2026-05-22 20:47:30 WIB] [QUERY] Daftar kata kunci yang dicoba: ["Stapler/Hechmachine (Spesifikasi: Kecil)","stapler kecil","hechmachine kecil","stapler","hechmachine","stapler stapler"]
[2026-05-22 20:47:30 WIB] [INFO] Mencoba query #1: "Stapler/Hechmachine (Spesifikasi: Kecil)" di wilayah Kab.Probolinggo
[2026-05-22 20:47:39 WIB] [ERROR] Query "Stapler/Hechmachine (Spesifikasi: Kecil)" nihil hasil (TIDAK DITEMUKAN).
[2026-05-22 20:47:39 WIB] [INFO] Mencoba query #2: "stapler kecil" di wilayah Kab.Probolinggo
[2026-05-22 20:47:45 WIB] [ERROR] Query "stapler kecil" nihil hasil (TIDAK DITEMUKAN).
[2026-05-22 20:47:45 WIB] [INFO] Mencoba query #3: "hechmachine kecil" di wilayah Kab.Probolinggo
[2026-05-22 20:47:49 WIB] [ERROR] Query "hechmachine kecil" nihil hasil (TIDAK DITEMUKAN).
[2026-05-22 20:47:49 WIB] [INFO] Mencoba query #4: "stapler" di wilayah Kab.Probolinggo
[2026-05-22 20:47:54 WIB] [ERROR] Query "stapler" nihil hasil (TIDAK DITEMUKAN).
[2026-05-22 20:47:54 WIB] [INFO] Mencoba query #5: "hechmachine" di wilayah Kab.Probolinggo
[2026-05-22 20:47:59 WIB] [ERROR] Query "hechmachine" nihil hasil (TIDAK DITEMUKAN).
[2026-05-22 20:47:59 WIB] [INFO] Mencoba query #6: "stapler stapler" di wilayah Kab.Probolinggo
[2026-05-22 20:48:12 WIB] [ERROR] Query "stapler stapler" nihil hasil (TIDAK DITEMUKAN).
[2026-05-22 20:48:14 WIB] [INFO] Memulai survei item [13/?]: "Tinta Stempel (Spesifikasi: 50 Ml)"
[2026-05-22 20:48:14 WIB] [QUERY] Daftar kata kunci yang dicoba: ["Tinta Stempel (Spesifikasi: 50 Ml)","tinta stempel 50 ml","tinta stempel","tinta","stempel"]
[2026-05-22 20:48:14 WIB] [INFO] Mencoba query #1: "Tinta Stempel (Spesifikasi: 50 Ml)" di wilayah Kab.Probolinggo
[2026-05-22 20:48:19 WIB] [ERROR] Query "Tinta Stempel (Spesifikasi: 50 Ml)" nihil hasil (TIDAK DITEMUKAN).
[2026-05-22 20:48:19 WIB] [INFO] Mencoba query #2: "tinta stempel 50 ml" di wilayah Kab.Probolinggo
[2026-05-22 20:48:24 WIB] [ERROR] Query "tinta stempel 50 ml" nihil hasil (TIDAK DITEMUKAN).
[2026-05-22 20:48:24 WIB] [INFO] Mencoba query #3: "tinta stempel" di wilayah Kab.Probolinggo
[2026-05-22 20:48:30 WIB] [ERROR] Query "tinta stempel" nihil hasil (TIDAK DITEMUKAN).
[2026-05-22 20:48:30 WIB] [INFO] Mencoba query #4: "tinta" di wilayah Kab.Probolinggo
[2026-05-22 20:48:35 WIB] [ERROR] Query "tinta" nihil hasil (TIDAK DITEMUKAN).
[2026-05-22 20:48:35 WIB] [INFO] Mencoba query #5: "stempel" di wilayah Kab.Probolinggo
[2026-05-22 20:48:46 WIB] [ERROR] Query "stempel" nihil hasil (TIDAK DITEMUKAN).
[2026-05-22 20:49:25 WIB] [INFO] Memulai survei item [1/?]: "Ballpoint / Ballpen / Pena (Spesifikasi: Ballpoint Baliner)"
[2026-05-22 20:49:25 WIB] [QUERY] Daftar kata kunci yang dicoba: ["Ballpoint Baliner","ballpoint baliner","pulpen baliner","pen baliner","ballpen ballpoint baliner","ballpen pulpen baliner"]
[2026-05-22 20:49:25 WIB] [INFO] Mencoba query #1: "Ballpoint Baliner" di wilayah Nasional
[2026-05-22 20:49:39 WIB] [ERROR] Query "Ballpoint Baliner" nihil hasil (TIDAK DITEMUKAN).
[2026-05-22 20:49:39 WIB] [INFO] Mencoba query #2: "ballpoint baliner" di wilayah Nasional
[2026-05-22 20:49:52 WIB] [ERROR] Query "ballpoint baliner" nihil hasil (TIDAK DITEMUKAN).
[2026-05-22 20:49:52 WIB] [INFO] Mencoba query #3: "pulpen baliner" di wilayah Nasional
[2026-05-22 20:50:05 WIB] [ERROR] Query "pulpen baliner" nihil hasil (TIDAK DITEMUKAN).
[2026-05-22 20:50:05 WIB] [INFO] Mencoba query #4: "pen baliner" di wilayah Nasional
[2026-05-22 20:50:15 WIB] [ERROR] Query "pen baliner" nihil hasil (TIDAK DITEMUKAN).
[2026-05-22 20:50:15 WIB] [INFO] Mencoba query #5: "ballpen ballpoint baliner" di wilayah Nasional
[2026-05-22 20:50:30 WIB] [ERROR] Query "ballpen ballpoint baliner" nihil hasil (TIDAK DITEMUKAN).
[2026-05-22 20:50:30 WIB] [INFO] Mencoba query #6: "ballpen pulpen baliner" di wilayah Nasional
[2026-05-22 20:50:41 WIB] [ERROR] Query "ballpen pulpen baliner" nihil hasil (TIDAK DITEMUKAN).
[2026-05-22 20:53:16 WIB] [INFO] Memulai survei item [1/?]: "Ballpoint / Ballpen / Pena (Spesifikasi: Ballpoint Baliner)"
[2026-05-22 20:53:16 WIB] [QUERY] Daftar kata kunci yang dicoba: ["Ballpoint","ballpoint","pulpen","pen","ballpoint ballpoint","pulpen ballpoint","ballpoint baliner","pulpen baliner","pen baliner","ballpen ballpoint baliner","ballpen pulpen baliner"]
[2026-05-22 20:53:16 WIB] [INFO] Mencoba query #1: "Ballpoint" di wilayah Nasional
[2026-05-22 20:53:36 WIB] [ERROR] Query "Ballpoint" nihil hasil (TIDAK DITEMUKAN).
[2026-05-22 20:53:36 WIB] [INFO] Mencoba query #2: "ballpoint" di wilayah Nasional
[2026-05-22 20:53:49 WIB] [ERROR] Query "ballpoint" nihil hasil (TIDAK DITEMUKAN).
[2026-05-22 20:53:49 WIB] [INFO] Mencoba query #3: "pulpen" di wilayah Nasional
[2026-05-22 20:54:01 WIB] [ERROR] Query "pulpen" nihil hasil (TIDAK DITEMUKAN).
[2026-05-22 20:54:01 WIB] [INFO] Mencoba query #4: "pen" di wilayah Nasional
[2026-05-22 20:54:11 WIB] [ERROR] Query "pen" nihil hasil (TIDAK DITEMUKAN).
[2026-05-22 20:54:11 WIB] [INFO] Mencoba query #5: "ballpoint ballpoint" di wilayah Nasional
[2026-05-22 20:54:24 WIB] [ERROR] Query "ballpoint ballpoint" nihil hasil (TIDAK DITEMUKAN).
[2026-05-22 20:54:24 WIB] [INFO] Mencoba query #6: "pulpen ballpoint" di wilayah Nasional
[2026-05-22 20:54:35 WIB] [ERROR] Query "pulpen ballpoint" nihil hasil (TIDAK DITEMUKAN).
[2026-05-22 20:54:35 WIB] [INFO] Mencoba query #7: "ballpoint baliner" di wilayah Nasional
[2026-05-22 20:54:47 WIB] [ERROR] Query "ballpoint baliner" nihil hasil (TIDAK DITEMUKAN).
[2026-05-22 20:54:47 WIB] [INFO] Mencoba query #8: "pulpen baliner" di wilayah Nasional
[2026-05-22 20:55:01 WIB] [ERROR] Query "pulpen baliner" nihil hasil (TIDAK DITEMUKAN).
[2026-05-22 20:55:01 WIB] [INFO] Mencoba query #9: "pen baliner" di wilayah Nasional
[2026-05-22 20:55:13 WIB] [ERROR] Query "pen baliner" nihil hasil (TIDAK DITEMUKAN).
[2026-05-22 20:55:13 WIB] [INFO] Mencoba query #10: "ballpen ballpoint baliner" di wilayah Nasional
[2026-05-22 20:55:26 WIB] [ERROR] Query "ballpen ballpoint baliner" nihil hasil (TIDAK DITEMUKAN).
[2026-05-22 20:55:26 WIB] [INFO] Mencoba query #11: "ballpen pulpen baliner" di wilayah Nasional
[2026-05-22 20:55:36 WIB] [ERROR] Query "ballpen pulpen baliner" nihil hasil (TIDAK DITEMUKAN).
